Time,Date,Comment,Mode,Weight,Color,Size,Uhash,Dmid
01:14,02/07/2024 16:09,哈哈哈哈哈,25,0,1409803264,16777215,60fc274e,
01:22,02/07/2024 15:52,极乐净土可以,25,0,1577472512,16777215,735c3ab6,
01:57,02/07/2024 15:48,在线蹲甜甜老师,25,0,2298673152,16707842,625fee86,
02:58,02/07/2024 15:42,触发连招,25,0,260371456,16777215,655b9004,
02:49,02/07/2024 15:36,触发连招,25,0,545571328,16777215,8b8db7ce,
00:10,02/07/2024 15:33,哈哈哈哈哈哈,25,0,2575696640,16777215,e0865b21,
01:27,02/07/2024 15:27,二刺螈太拉了，别丢人了,25,0,4253396992,16777215,7dbc6143,
00:19,02/07/2024 15:24,佛祖也出国,25,0,67466752,16777215,9bdf9174,
00:14,02/07/2024 15:20,哈哈哈,25,0,3682748160,16777215,6cf70927,
00:27,02/07/2024 15:08,观音大士放洋屁,25,0,1426479616,16777215,9ad4ca22,
01:30,02/07/2024 15:04,也不是不行,25,0,3355942656,16777215,af183392,
00:09,02/07/2024 15:00,2024年好运连连 步步高升,25,0,721810176,16777215,ba3269a6,
01:00,02/07/2024 14:57,膈应死了！,25,0,1065510912,16777215,339f1989,
03:00,02/07/2024 14:56,我就知道我不会无缘无故刷到,25,0,42121472,16777215,da72dc59,
02:38,02/07/2024 14:53,杜兰特,25,0,1434478848,15138834,8957d62b,
00:16,02/07/2024 14:47,西（方）天,25,0,2986381824,16777215,436ab86d,
01:12,02/07/2024 14:44,这个比科目三好,25,0,344001536,15138834,5600136e,
02:57,02/07/2024 14:42,逆水寒启动,25,0,1149756672,16777215,70e032a3,
02:56,02/07/2024 14:38,把猴子点了，整个天界都高兴（）,25,0,1468280064,16777215,dcf8969a,
00:52,02/07/2024 14:27,原声大碟,25,0,705111296,16777215,e4cdd745,
00:49,02/07/2024 14:24,哈哈哈哈哈哈哈,25,0,3708069632,16777215,b9179004,
02:57,02/07/2024 14:20,穿天猴,25,0,2860974848,16777215,f7c6ebae,
00:50,02/07/2024 14:17,口吐芬芳,25,0,1527169024,15138834,4e0728a8,
00:16,02/07/2024 14:16,如来会说英语,25,0,3313772032,15138834,4e0728a8,
01:29,02/07/2024 14:15,一喂顺风车v,25,0,520284928,16777215,5ad39fdd,
00:46,02/07/2024 14:12,为什么不能改成烤毛蛋,25,0,1963451392,16777215,b15611dc,
00:35,02/07/2024 14:05,《如来神掌》,25,0,1963179264,16777215,55538f7f,
03:15,02/07/2024 14:02,天庭春晚,25,0,3011798528,16777215,947998a1,
02:32,02/07/2024 13:55,？？,25,0,3456481280,16777215,b19dc0c,
02:37,02/07/2024 13:52,666,25,0,939906048,16777215,841e9342,
00:43,02/07/2024 13:51,包馄饨,25,0,2583925504,16777215,1d539a3,
00:21,02/07/2024 13:41,哈哈哈哈哈哈哈哈哈哈哈哈哈哈好,25,0,2063608576,16777215,c886abb5,
01:06,02/07/2024 13:37,啊？,25,0,1602637056,15138834,c32f09ae,
02:37,02/07/2024 13:36,中计了（指观众）,25,0,2684470016,16777215,4f109870,
01:16,02/07/2024 13:29,笑死了,25,0,2072509696,16777215,7f18c115,
02:40,02/07/2024 13:23,啊？,25,0,2936163584,16777215,a12f4941,
02:56,02/07/2024 13:18,中计了,25,0,1317287936,16777215,2ad03cfe,
02:37,02/07/2024 13:14,天上一日，地上一年，地上过年开摆，一摆一天，天上天天开摆,25,0,637877504,16777215,588c0fc6,
00:27,02/07/2024 13:10,观音：阿米诺斯,25,0,2835792128,16777215,1c6aa090,
01:28,02/07/2024 13:05,坐等春晚吐槽视频，比直接看春晚有意思,25,0,3850755328,16777215,e02d40cd,
02:48,02/07/2024 13:01,钻天猴,25,0,1359258368,16777215,15f32f44,
00:56,02/07/2024 13:01,救命！！！,25,0,2164528384,16777215,10681485,
02:26,02/07/2024 12:46,消防栓那个叫什么,25,0,2684439296,16777215,3d0e606f,
02:59,02/07/2024 12:41,谢谢，我不氪金,25,0,3406007040,16777215,e7b46247,
00:10,02/07/2024 12:40,现今春节将至，麻烦包一下水饺,25,0,4001698816,41194,e01f9ab5,
00:23,02/07/2024 12:36,好家伙，,25,0,663177728,16777215,8ca7ac73,
01:04,02/07/2024 12:34,蔡徐坤震怒,25,0,176329984,15138834,7b034f2f,
02:38,02/07/2024 12:29,防空导弹,25,0,260182528,16777215,63712772,
00:33,02/07/2024 12:27,语言指导：瓜摊老板,25,0,2130806272,15138834,d9a1baca,
00:24,02/07/2024 12:25,哈哈哈绷不住了,25,0,2340463104,16707842,9e040444,
00:56,02/07/2024 12:09,科目三就算了吧,25,0,1820748288,16777215,a4467813,
03:26,02/07/2024 12:04,天上的春晚真好看,25,0,755354624,16777215,2b446cb4,
01:15,02/07/2024 12:02,今年春晚要是真玩这些玩意 我能喷它三天三夜不带重样的,25,0,3581981696,16777215,50c4da3d,
01:18,02/07/2024 11:59,哈哈哈哈哇可真棒,25,0,33842688,16777215,a001f0e4,
00:25,02/07/2024 11:58,哈哈哈,25,0,3246776064,16777215,a001f0e4,
00:26,02/07/2024 11:52,海龟发言人,25,0,1032137216,16777215,b94cdc3e,
02:50,02/07/2024 11:48,逆水寒打钱！,25,0,2919595008,16777215,2f2cde56,
01:25,02/07/2024 11:44,悟净二次元适配度很高哟,25,0,2894435584,16777215,8cc927dc,
02:44,02/07/2024 11:41,太有才了，佩服视频制作者，祝所有看到此消息的朋友们龙年大吉，万事顺意,25,0,1677864192,16777215,e5bf488,
01:20,02/07/2024 11:40,这个可以,25,0,503687936,16777215,9d57db14,
02:22,02/07/2024 11:36,早知道这么好看，就留到春晚看了,25,0,1552367104,15138834,d46a5367,
02:31,02/07/2024 11:35,这不比小品好看,25,0,201622272,16777215,32db5363,
02:50,02/07/2024 11:30,图穷匕现,25,0,528800512,15138834,1bf79e5,
02:45,02/07/2024 11:27,被玩坏了,25,0,855842304,16777215,66f89798,
01:38,02/07/2024 11:24,悟空：你特喵的火圈用三昧真火点啊！！！,25,0,3213163008,15138834,17a02f0e,
03:11,02/07/2024 11:21,现在这里是菜市场吗？,25,0,3808929792,16777215,abfa7b4a,
00:52,02/07/2024 11:19,包汤圆吧,25,0,2785463552,16777215,7dd16e01,
00:06,02/07/2024 11:16,乔峰赞助,25,0,3582074624,16777215,acb848b2,
00:01,02/07/2024 11:14,《走近科学写的简介》,25,0,1795486464,16707842,d2671f7b,
01:04,02/07/2024 11:06,《猪你太美》,25,0,3615897856,16777215,7bf7ba4e,
03:08,02/07/2024 11:02,有年味了,25,0,2785319680,16777215,275593d5,
02:59,02/07/2024 10:50,卧槽 居然是逆水寒,25,0,319223040,16777215,a5a4d0c4,
01:40,02/07/2024 10:48,红色马戏团,25,0,1711621376,16777215,30f67cf9,
01:04,02/07/2024 10:43,济宁太美~~~！！！！,25,0,1862587648,16777215,5c3baa6e,
00:12,02/07/2024 10:37,佛祖：不开混响是我是不会讲话的,25,0,2265263872,16777215,2304ad4d,
00:47,02/07/2024 10:28,哈哈哈哈烦死了,25,0,2483151104,16777215,4f5bc17b,
01:20,02/07/2024 10:28,过年回家最喜欢的一集,25,0,2281784832,16777215,56de8769,
02:22,02/07/2024 10:26,沙僧是个明白人,25,0,1107620096,16777215,1046bdf,
01:54,02/07/2024 10:15,旁边不是河吗？,25,0,369270272,16777215,e4877bd6,
00:51,02/07/2024 10:08,这个巧妙,25,0,2265299200,16777215,11a7cfc9,
01:09,02/07/2024 09:57,八戒的服装特别适合舞蹈,25,0,1074027520,16777215,a1194139,
01:07,02/07/2024 09:57,这个真的可以有,25,0,721835264,16777215,312eadc1,
03:01,02/07/2024 09:56,卧槽中计了,25,0,3800228352,16777215,c6b38f68,
00:24,02/07/2024 09:52,哈哈哈哈哈哈哈,25,0,260400384,16777215,c676f3f0,
01:07,02/07/2024 09:45,这个可以有,25,0,1753733120,16777215,f7573b66,
01:05,02/07/2024 09:44,猪你太美,25,0,3414509824,16777215,314ada85,
01:10,02/07/2024 09:42,你干嘛哈哈,25,0,2181499392,16777215,a722909e,
00:48,02/07/2024 09:40,画面毫无违和感,25,0,4194668800,16777215,13c103b9,
00:38,02/07/2024 09:36,现在外面闹得观音满天飞哦,25,0,1954597376,16707842,dea4d203,
00:14,02/07/2024 09:35,棺硬老登,25,0,352515584,16707842,dea4d203,
02:43,02/07/2024 09:32,卧槽,25,0,1619208448,15138834,5fa13c23,
03:00,02/07/2024 09:19,出发连招,25,0,3095426048,16777215,62c60024,
02:46,02/07/2024 09:14,？,25,0,2323836160,16777215,b7ed6d2,
00:41,02/07/2024 09:08,枯燥,25,0,2374201856,16777215,ccf15c0d,
02:06,02/07/2024 08:59,今晚吃唐僧肉,25,0,2894454528,16777215,2cfe8bf8,
03:32,02/07/2024 08:54,这不是春晚，这是元宵晚会，是十五的,25,0,3573625600,16777215,50a59e21,
00:09,02/07/2024 08:44,对味儿了,25,0,1250177536,16777215,91231595,
01:20,02/07/2024 08:32,龙皇异次元,25,0,4269820928,16777215,8e60ea93,
01:19,02/07/2024 08:23,哈哈哈哈哈哈,25,0,771773696,16777215,1aad5f08,
01:57,02/07/2024 08:22,年夜饭加菜,25,0,1912626432,16777215,8b8604f7,
03:13,02/07/2024 08:17,给中国娃娃版权费了吗,25,0,2642731008,16777215,21d11462,
00:06,02/07/2024 07:27,到处都是乐观的气氛,25,0,176170752,16777215,9d736f2c,
01:20,02/07/2024 07:03,埋埋埋,25,0,1980127488,16777215,801307bb,
00:10,02/07/2024 06:55,哈哈哈哈哈,25,0,2701603840,16777215,37e4374e,
00:27,02/07/2024 06:14,观音有男相也有女相的，都是观音的法相,25,0,721782272,16777215,770a70f4,
02:21,02/07/2024 05:41,警察，禁止燃放烟花爆竹，拘留 15 日,25,0,336008704,16777215,8d54ecf0,
00:29,02/07/2024 03:58,热知识:西天本来就在西方,25,0,3330443776,16777215,6c0ecba8,
01:41,02/07/2024 03:50,火焰山圈,25,0,3254797312,16777215,6a196200,
01:51,02/07/2024 03:43,《二师兄卡住》,25,0,1585550592,16707842,f219cda1,
03:19,02/07/2024 03:27,中国娃娃,25,0,1594051584,16777215,ec525a22,
02:51,02/07/2024 03:10,已阅完，剑三启动,25,0,2608951296,16777215,419807ff,
02:36,02/07/2024 02:37,难道你们自己不知道吗。。,25,0,3565341184,16777215,71aff1bc,
00:17,02/07/2024 02:06,热知识：观音并不是女的,25,0,3456181248,16777215,ef9bdc65,
00:05,02/07/2024 02:00,古印度掌管音箱的神,25,0,495327232,16777215,9b3fd67f,
02:54,02/07/2024 01:53,逆水寒早就垮了,25,0,948425472,16777215,d96d1927,
00:45,02/07/2024 01:36,哈哈哈哈哈哈,25,0,3255054080,16777215,9bc318a5,
02:42,02/07/2024 01:30,接好运接新年财运,25,0,1132873728,16777215,5d38ef7f,
00:30,02/07/2024 01:20,菩萨的性别就是菩萨,25,0,2332069120,16777215,cfef2de5,
00:13,02/07/2024 01:16,东北佛祖,25,0,2718125056,16707842,14008c0a,
00:07,02/07/2024 01:01,《科目三》,25,0,956311808,14811775,f7ef8918,
03:00,02/07/2024 00:58,顺火暖,25,0,654608128,16777215,e08638b4,
01:00,02/07/2024 00:56,马喽三,25,0,1602578176,16777215,c059b98b,
00:09,02/07/2024 00:40,舒服了,25,0,1342340096,16777215,aa6d2b02,
01:17,02/07/2024 00:36,没绷住,25,0,3188152320,9599289,e96b244b,
01:36,02/07/2024 00:31,徒手拿火圈哈哈,25,0,3623919360,16777215,4a132d33,
00:30,02/07/2024 00:28,我赞成我反对,25,0,302424064,16777215,f708f953,
03:14,02/07/2024 00:28,3,25,0,193099520,16777215,56ab1a33,
01:05,02/07/2024 00:25,确实都是烂活,25,0,117954560,16777215,abf41e01,
02:24,02/07/2024 00:21,热知识：AI,25,0,377738240,16777215,bfdc430c,
01:18,02/07/2024 00:09,哈哈哈哈,25,0,3531908864,16777215,cedf995b,
02:12,02/07/2024 00:07,这样为师也好向如来有个胶带,25,0,3808849408,16777215,8d4cee09,
02:39,02/07/2024 00:06,开摆！！！！,25,0,822566912,16777215,99815210,
03:07,02/07/2024 00:03,中计了,25,0,4085605888,16777215,f04d9490,
01:07,02/07/2024 00:02,猪你太美,25,0,587599616,16777215,7919fd8e,
00:25,02/06/2024 23:56,西天英语,25,0,721581056,16777215,9793355a,
02:47,02/06/2024 23:52,秀儿,25,0,2869164544,16777215,26eaeb0f,
00:33,02/06/2024 23:50,我反对,25,0,3766761984,16777215,24e2df88,
02:25,02/06/2024 23:48,炸出来了吗？,25,0,4035184128,16777215,ef6feb86,
01:20,02/06/2024 23:45,不是他们啥时候做的这些动作啊,25,0,2105793792,16777215,350b2935,
00:44,02/06/2024 23:41,有事的小曲儿,25,0,2265324288,16777215,842a2424,
00:10,02/06/2024 23:40,原来是混响效果,25,0,4169575168,16777215,441ff184,
02:33,02/06/2024 23:39,窜天猴~~~！！！,25,0,3993316608,16777215,dcc09c04,
01:38,02/06/2024 23:34,三昧真火圈,25,0,520341248,16777215,99bbbd24,
03:10,02/06/2024 23:28,这一段是某一年的西游记主题春晚的真实影像,25,0,1350585856,15138834,1c600db6,
00:41,02/06/2024 23:23,朴实无华且枯燥,25,0,2424477696,16777215,d83cfb16,
03:13,02/06/2024 23:18,起猛了，在鬼畜视频里听到镜子的歌了,25,0,838981120,15138834,52a0ae74,
00:44,02/06/2024 23:13,惊喜原声.doge,25,0,352598272,16777215,11dfd315,
00:32,02/06/2024 23:10,我不吃牛肉面,25,0,2684774656,16777215,fcb1e30c,
00:56,02/06/2024 23:06,太抽象了,25,0,2433148416,16777215,2abd14ba,
01:07,02/06/2024 23:05,好！！！,25,0,1627392512,16777215,510f05ba,
01:17,02/06/2024 23:03,预计会火站个楼,25,0,2676094976,16777215,ed691435,
01:07,02/06/2024 23:01,救命啊啊啊,25,0,1157837312,16777215,fa1fde26,
02:39,02/06/2024 23:00,凤仙郡侯惹了玉帝下场你也看到了…,25,0,1611000320,16707842,de61468c,
01:08,02/06/2024 22:57,天呐，太厉害了,25,0,1459634944,16777215,41ef2d27,
02:05,02/06/2024 22:50,唐僧曰:酒肉穿肠过，佛祖心中留。,25,0,3213088000,16777215,63448360,
00:31,02/06/2024 22:49,别热知识了，就那么喜欢阴阳怪气？就不能好好说话？,25,0,3028434176,16777215,1812fb88,
00:16,02/06/2024 22:47,《see》,25,0,2994741760,16777215,6551dfb2,
00:17,02/06/2024 22:44,觀音不是妹，是哥,25,0,2592241920,16777215,1d52d63b,
00:12,02/06/2024 22:42,奔丧一下,25,0,2097343744,16777215,941dbd94,
01:10,02/06/2024 22:37,阔以哦,25,0,3917653760,16777215,afb823cb,
00:03,02/06/2024 22:33,666,25,0,2248346624,16777215,d79da1f3,
03:05,02/06/2024 22:29,嫦娥仙子，哇哦，星星眼,25,0,2969927168,16707842,9db3534e,
00:28,02/06/2024 22:28,《投其所恶》,25,0,2130877440,16777215,967fd59f,
01:19,02/06/2024 22:28,哈哈哈哈,25,0,285643008,16777215,c4dbb19c,
01:38,02/06/2024 22:24,哈哈哈哈哈哈哈哈哈哈哈哈,25,0,855887616,16777215,3a28292,
00:09,02/06/2024 22:21,哈哈哈哈哈,25,0,495450880,16777215,68264666,
02:39,02/06/2024 22:18,3000+人出來！,25,0,3532043520,16777215,bbb5332d,
02:43,02/06/2024 22:17,逆水寒，卸载,25,0,3129378304,16777215,b2e67eb3,
00:26,02/06/2024 22:16,这是西游记电视剧里观音就是女的,25,0,2433174528,16777215,fabb6260,
01:25,02/06/2024 22:10,这个b友不反对 但不玩的会有很大节奏,25,0,3968325632,16777215,bc24a82d,
00:20,02/06/2024 22:08,哈哈哈哈哈,25,0,1678049536,16777215,3a28292,
00:22,02/06/2024 22:05,一点猛,25,0,2349007360,16777215,dbe1a950,
00:48,02/06/2024 22:03,狗屁才艺,25,0,1736713472,16777215,731f4296,
00:30,02/06/2024 21:59,哎呀卧槽，西天黑社会啊,25,0,1199775488,41194,f6a5e39d,
00:35,02/06/2024 21:58,有一观音前来买瓜,25,0,2885940480,16777215,b7ad1778,
02:50,02/06/2024 21:57,哈哈哈哈哈,25,0,3087070976,16777215,76fe21c6,
02:04,02/06/2024 21:53,饿狼传说,25,0,1694824192,16777215,599b9040,
02:44,02/06/2024 21:52,眼前一黑,25,0,3045181696,16777215,e686ab3a,
01:25,02/06/2024 21:49,hahahhaha,25,0,2055594496,16777215,e4a2f7de,
00:02,02/06/2024 21:48,没活硬整，不如咬打火机,25,0,2332390912,16777215,dde166,
02:22,02/06/2024 21:48,打上花火,25,0,746593280,16777215,d19d33b0,
01:17,02/06/2024 21:44,哈哈哈哈,25,0,4244727808,16777215,10bbe61e,
03:29,02/06/2024 21:41,这是以前的春晚,25,0,3129157888,16777215,902b1d97,
01:09,02/06/2024 21:40,这个挺有意思的,25,0,1040606464,16777215,66fa83b,
01:53,02/06/2024 21:37,烤乳猪预定,25,0,1132943104,16777215,5c037fee,
01:19,02/06/2024 21:34,极乐净土真的看不腻,25,0,3515286784,16777215,1bd8ac8b,
03:34,02/06/2024 21:28,当年的春晚真令人怀念啊,25,0,3875692032,16777215,b4b6fc66,
00:11,02/06/2024 21:27,哈哈哈,25,0,3666235392,16777215,da0d7bc9,
00:15,02/06/2024 21:25,西方口音是这样的,25,0,1770426112,16646914,5b97f1cc,
00:13,02/06/2024 21:21,哈哈哈币有了,25,0,2709611264,16777215,fe277c5d,
00:27,02/06/2024 21:20,菩萨身无性别。都有男相女相,25,0,570933248,16777215,1572ac5e,
00:00,02/06/2024 21:17,好好好，我也是被封面吸引进来的，笑死我了。,25,0,3339075840,16777215,27f48e1a,
01:15,02/06/2024 21:13,卧槽,25,0,1484892416,16777215,8e87f1a2,
01:24,02/06/2024 21:13,太牛啦！！,25,0,411441920,16777215,5bb9366a,
01:13,02/06/2024 21:12,这个可以,25,0,2248514560,16777215,575c73c,
02:50,02/06/2024 21:10,中计了,25,0,4010000896,16777215,d379e6f4,
00:43,02/06/2024 21:08,祖妈,25,0,981658112,16777215,881482a3,
01:37,02/06/2024 21:02,《草薙京》,25,0,268858880,16777215,22974fdf,
01:45,02/06/2024 21:00,666,25,0,2801946624,16777215,fe98f35c,
02:48,02/06/2024 20:55,？,25,0,377976576,16777215,a70b6c04,
01:54,02/06/2024 20:53,笑不活了,25,0,2927972096,16777215,f2721d90,
03:00,02/06/2024 20:51,这些个玩意估计比春晚好看哈哈哈哈哈,25,0,302381568,16777215,7c6fa109,
03:09,02/06/2024 20:49,真能封,25,0,2030449920,16777215,3ae24441,
01:53,02/06/2024 20:49,早知道这么精彩留着了,25,0,562350080,16777215,763f9fd,
02:47,02/06/2024 20:46,天上一日地上一年，天上那不得天天过年？天天过年不就是神仙的日子？,25,0,1426569728,16777215,a14816c3,
01:04,02/06/2024 20:45,卯日星官：哇真的是你鸭,25,0,4102448128,16707842,c1f685d5,
02:42,02/06/2024 20:44,这可不兴黑呀,25,0,3305385728,16777215,2a27eb93,
00:28,02/06/2024 20:41,观音：就膈应我是吧,25,0,1610856960,16777215,d0547bd9,
00:18,02/06/2024 20:38,do you like 玩游戏,25,0,1744889344,16777215,3ef2640,
01:31,02/06/2024 20:34,悟空：耍猴呢？,25,0,4102199808,16776960,ab0c1fd3,
00:34,02/06/2024 20:32,符合实际,25,0,4043631872,16777215,17aa883e,
01:22,02/06/2024 20:23,极乐化缘,25,0,3146233600,16777215,c1511ce2,
01:11,02/06/2024 20:20,可你是猪啊,25,0,4001373184,16777215,6114adb4,
01:18,02/06/2024 20:17,哈哈哈哈哈哈哈哈哈哈哈哈哈哈,25,0,4001728768,16777215,5d80c334,
00:53,02/06/2024 20:17,哈哈哈哈哈哈,25,0,528719104,16777215,5d80c334,
00:15,02/06/2024 20:16,呵呵呵哈哈哈哈哈哈哈,25,0,4177542400,16740868,5d80c334,
00:16,02/06/2024 20:15,观音不是男的吗,25,0,3598903552,16777215,dad55715,
00:30,02/06/2024 20:15,观音:阿米诺斯,25,0,2072144384,16777215,da0d27de,
02:05,02/06/2024 20:14,饭狼背景音,25,0,3750127360,16777215,862c9f7d,
01:19,02/06/2024 20:10,2333333333333,25,0,2164531200,16777215,44999c83,
02:35,02/06/2024 20:10,好喜庆,25,0,2743399168,16777215,82d23aab,
00:26,02/06/2024 20:09,哈哈哈哈哈哈,25,0,2659475712,16777215,44999c83,
01:22,02/06/2024 20:07,异次元驱逐舰来喽！（破界者到访）,25,0,1669585920,16777215,6dab172a,
01:41,02/06/2024 20:04,哈哈哈,25,0,1962999040,16777215,baabec57,
01:20,02/06/2024 20:03,这个可以,25,0,285632000,16777215,28c60a7,
01:09,02/06/2024 20:01,xdm这个我是真的喜欢,25,0,193402624,16777215,7021abd0,
00:03,02/06/2024 19:59,3阿弥陀佛 阿弥陀佛 阿弥陀佛 阿弥陀佛 阿弥陀佛 阿弥陀佛,25,0,1233287168,16777215,30b16c4f,
01:51,02/06/2024 19:57,诶，我觉得上杂技可以啊， 以前的杂技我还没怎么看过呢,25,0,2030487296,16777215,ee469ede,
01:47,02/06/2024 19:55,说真的，今年春晚整一只猴子上去跳火圈，估计小品好的多,25,0,3162715392,16777215,a9e640da,
02:44,02/06/2024 19:51,擦，早知道留到年三十再看了,25,0,25452800,15138834,449ee811,
02:24,02/06/2024 19:49,串天猴,25,0,3951521024,16777215,61541b51,
01:21,02/06/2024 19:49,亚波人表示赞成,25,0,2424816896,16777215,e1a16ddd,
01:12,02/06/2024 19:46,你哥哥还是太火了哈哈哈,25,0,1132801792,16777215,bbc65d92,
02:21,02/06/2024 19:44,《真·窜天猴》,25,0,1333934336,16776960,b5dc0ac8,
00:42,02/06/2024 19:42,这个太好笑了，收藏起来春晚再看,25,0,2759903744,16777215,d80f3734,
01:15,02/06/2024 19:40,哈哈哈,25,0,176551424,16777215,8c650399,
00:46,02/06/2024 19:37,哈哈哈哈,25,0,34073856,16777215,73c9903e,
01:07,02/06/2024 19:36,这个可以有,25,0,2701403648,16777215,2b272b55,
01:59,02/06/2024 19:35,大唐高僧不戒荤？,25,0,3364256512,16777215,18de1217,
00:12,02/06/2024 19:34,哈哈哈哈哈哈,25,0,1149408256,16777215,715ac52d,
00:15,02/06/2024 19:32,观音不是男的吗 叫老弟,25,0,1669727744,16777215,18de1217,
00:07,02/06/2024 19:32,这不是手工耿的声音吗,25,0,2315773440,16777215,a06c000c,
01:02,02/06/2024 19:30,又没到鸡年跳什么鸡你太美,25,0,2751674112,16777215,e3515df2,
00:02,02/06/2024 19:26,.,25,0,42283520,16777215,cdc3f377,
03:09,02/06/2024 19:25,财神爷加班啦,25,0,2961493504,16777215,d0b0ff15,
02:32,02/06/2024 19:22,燕云串天猴,25,0,3514999040,16777215,9c007390,
02:19,02/06/2024 19:20,烟花……麻烦大家去关注一下那个消防栓,25,0,2600802048,15772458,81da439e,
02:58,02/06/2024 19:19,我，中国娃娃，打钱！,25,0,1292126720,15138834,1fff24a5,
00:07,02/06/2024 19:14,哈哈哈哈哈,25,0,3968284672,16777215,f5defff,
01:43,02/06/2024 19:12,消防栓没水（）,25,0,721542912,16646914,6c1b9a75,
00:29,02/06/2024 19:09,sd,25,0,1090681344,16777215,8387ad5,
00:10,02/06/2024 19:08,哈哈哈哈,25,0,396288,16777215,284c885b,
01:06,02/06/2024 19:08,这个可以有,25,0,2843956480,16777215,51f705e3,
02:05,02/06/2024 19:06,《唐三葬》,25,0,3347100416,16777215,51afe786,
02:55,02/06/2024 19:05,逆水寒你知道你得罪的是谁吗,25,0,3322291712,16777215,b251dc24,
00:33,02/06/2024 18:58,6666,25,0,931353088,14811775,2695ad32,
02:49,02/06/2024 18:54,哈哈哈哈哈哈哈哈哈哈哈哈哈哈hhh,25,0,570707200,16777215,9e94a048,
01:43,02/06/2024 18:53,哈哈哈哈哈哈哈哈哈哈哈哈哈哈,25,0,3288642816,16777215,9e94a048,
00:57,02/06/2024 18:52,66666666666666,25,0,1518467840,16777215,9e94a048,
00:58,02/06/2024 18:50,烂梗,25,0,1762053376,16777215,bd6ba684,
01:28,02/06/2024 18:47,春晚放日语歌不合适吧,25,0,1518471168,16777215,5fa7b790,
02:37,02/06/2024 18:44,天上不是天天过年吗,25,0,1795512576,16777215,65c312fd,
03:05,02/06/2024 18:39,还以为是黑魔仙,25,0,772178176,16777215,3e9d6d8e,
01:33,02/06/2024 18:35,声音有点像啊,25,0,1778691328,16777215,e4895602,
00:04,02/06/2024 18:33,哈哈哈哈哈,25,0,3145940992,16777215,b2ae584d,
00:34,02/06/2024 18:29,我们这有，2000多个人看,25,0,1963314688,14811775,6317a85f,
00:34,02/06/2024 18:28,这里改了？,25,0,1493607168,16707842,162e8f8,
00:34,02/06/2024 18:25,观音:郝啊！,25,0,302404096,16777215,eb035c84,
00:12,02/06/2024 18:22,哈哈哈哈哈哈哈,25,0,3347375360,16777215,72c8e5a3,
01:21,02/06/2024 18:21,666,25,0,2785470720,15138834,2b23a42b,
00:41,02/06/2024 18:20,枯燥,25,0,771871744,16777215,30da4793,
00:43,02/06/2024 18:19,无意点开，阿弥陀佛,25,0,1921136896,16777215,bfd9d1e9,
01:07,02/06/2024 18:16,这个可以有,25,0,3238371584,16777215,8015dceb,
00:23,02/06/2024 18:11,太有才了,25,0,4185974272,16777215,720b915a,
00:09,02/06/2024 18:05,啊哈哈,25,0,2575302912,16777215,440e7309,
02:37,02/06/2024 18:00,天上百年一过,25,0,3162917120,16707842,36e6ff23,
01:24,02/06/2024 17:57,这个还蛮难的（）,25,0,3833785088,16777215,cf14a41f,
00:43,02/06/2024 17:56,功德加一,25,0,2089230336,16777215,e7a98ac6,
00:04,02/06/2024 17:53,hhhhh,25,0,2818816512,16777215,9896f463,
01:03,02/06/2024 17:47,猴子可以变美女啊,25,0,302138368,16777215,984f728e,
01:32,02/06/2024 17:42,哈哈哈哈哈哈,25,0,3229633792,16777215,baaa87dc,
00:28,02/06/2024 17:35,春晚请务必做得无聊一点，这样才能最大化刺激破站各位人才二创，使春晚在破站焕发新生。就指着破站看乐子呢,25,0,637936384,9487136,8425e242,
00:03,02/06/2024 17:31,厚礼谢，现在春晚小品还没视频封面好笑,25,0,1350881024,16777215,6807b9ee,
01:26,02/06/2024 17:29,师傅，你有何才艺上上来,25,0,1342605568,16777215,42ebabaa,
01:07,02/06/2024 17:23,猪你太美,25,0,2441599232,16777215,b0745082,
00:57,02/06/2024 17:21,我服了,25,0,881326592,16777215,844b87aa,
01:27,02/06/2024 17:11,其实在年长人眼里，科目三和极乐净土没区别,25,0,1090875136,16777215,8adb7bfb,
01:46,02/06/2024 17:09,三昧真火的火圈啊？,25,0,2793661440,16777215,432b4a9a,
00:27,02/06/2024 16:59,更热的知识：西游里的观音是女的，猴哥说过活该她一世无夫,25,0,570832640,16777215,47748aa4,
00:04,02/06/2024 16:47,自我介绍,25,0,713282560,16777215,8dcd7ba4,
02:01,02/06/2024 16:46,唐僧：没一个字我爱听的,25,0,687965952,16777215,fe1a8c9d,
00:05,02/06/2024 16:37,羽毛猪,25,0,1023726080,16777215,4173b50d,
02:51,02/06/2024 16:31,这不比春晚好看？,25,0,2751572736,16777215,da041e97,
02:02,02/06/2024 16:25,烤鱼哈哈哈哈哈哈哈,25,0,3288722176,16777215,f2d7c55b,
01:09,02/06/2024 16:21,虽迟但到，厉不厉害你鸡哥,25,0,2827289600,16777215,5fca0bc9,
00:21,02/06/2024 16:15,hate(害怕）,25,0,4144092928,16777215,872dab4f,
00:34,02/06/2024 16:15,神 的 胃 炎（bushi,25,0,612729344,15138834,8eb61120,
02:44,02/06/2024 16:11,这不比春晚好看得多？,25,0,2718391296,38979,a17a521f,
01:08,02/06/2024 16:10,可以可以,25,0,4202797056,16777215,7902597e,
00:13,02/06/2024 15:51,是金子总会发光的，你这渣渣只会反光,25,0,1913118208,16777215,39cf5eb3,
01:21,02/06/2024 15:37,[ohhhhh],25,0,2172948480,16777215,ee4ce3d7,
00:41,02/06/2024 15:37,[ohhhhhh],25,0,2173166336,16777215,ee4ce3d7,
00:09,02/06/2024 15:13,《本座》？,25,0,3070452992,16777215,6e936aeb,
00:48,02/06/2024 15:08,伏笔小曲,25,0,4152744192,38979,6763b732,
01:04,02/06/2024 14:52,這個可以,25,0,3380611584,16777215,279683e4,
03:00,02/06/2024 14:43,雅 太雅了,25,0,2625952000,16777215,b024ee56,
02:48,02/06/2024 13:57,甲方两眼一黑,25,0,1996860160,16777215,22405686,
02:59,02/06/2024 13:19,猴哥：噶了我，给各位助助兴！,25,0,2558949120,16777215,75fdf669,
03:19,02/06/2024 12:26,不得不说，这bgm一出来确实有逛商场过年内味儿了,25,0,2793615104,15138834,dccd72d7,
02:03,02/06/2024 12:14,笑死我了,25,0,2139303680,16777215,769e09cc,
00:26,02/06/2024 12:06,hate要加doing,25,0,1493380864,16777215,df8ff137,
00:06,02/06/2024 11:56,爱,25,0,839069440,16777215,1ddca4bb,
02:49,02/06/2024 11:50,这不比春晚好看,25,0,184758016,16777215,4b1a5efd,
00:38,02/06/2024 11:47,我的西班牙老板,25,0,3842191104,16777215,6a36ad6e,
00:34,02/06/2024 11:44,菩萨:啊米诺斯（确信）,25,0,3187879680,16707842,95db16c5,
00:17,02/06/2024 11:41,like+doing./to do sth,25,0,2323853056,16777215,a0c0eb7b,
01:21,02/06/2024 11:41,好活,25,0,1887645440,16777215,33ce5f6,
00:01,02/06/2024 11:37,封面意料之外，情理之中,25,0,1241722624,16777215,89567f1a,
01:21,02/06/2024 11:36,语气词,25,0,377696000,16777215,79a9c862,
01:22,02/06/2024 11:32,河童是吧哈哈哈哈,25,0,4009963264,16777215,f98ca950,
01:18,02/06/2024 11:29,可以,25,0,3582144256,16777215,f33a95dd,
00:06,02/06/2024 11:29,绷不住了！,25,0,2927832832,16777215,85cbf536,
01:51,02/06/2024 11:26,百猴迎春,25,0,2063806208,16777215,534d741f,
00:58,02/06/2024 11:25,我滴妈啊,25,0,1627598592,16777215,32abcd5e,
00:43,02/06/2024 11:23,这是什么BGM？有了记得踹我,25,0,545468160,9033215,c086fbc6,
00:10,02/06/2024 11:17,哈哈哈哈哈哈,25,0,4186124032,16777215,1aeac4fa,
00:42,02/06/2024 11:16,朴实无华且枯燥の小曲,25,0,3540201216,15138834,aabac54a,
00:09,02/06/2024 11:15,哈哈哈哈哈哈哈哈哈哈哈哈开头蚌埠住了,25,0,3103993600,16777215,9c47883d,
00:10,02/06/2024 11:11,哈哈哈哈,25,0,2458070784,16777215,726b27b9,
00:48,02/07/2024 16:09,+,25,0,3665888768,16777215,715a348,
01:05,02/07/2024 15:59,好,25,0,3221662464,16777215,c82309b5,
03:05,02/07/2024 15:44,怎么是。逆水寒,25,0,1812092672,16777215,e24cfbda,
00:07,02/07/2024 15:40,还怪有礼貌的,25,0,2223029248,16777215,569419e1,
00:29,02/07/2024 15:35,《好》,25,0,3682829056,16777215,598c94d2,
00:19,02/07/2024 15:32,观音性别是不分男女的,25,0,3934264320,16777215,7a116519,
00:22,02/07/2024 15:27,男扮女装就能管理生子，原来如此,25,0,730128640,16740868,6cf70927,
00:01,02/07/2024 15:23,我是来听BGM的,25,0,2122641664,16707842,2b59c119,
00:28,02/07/2024 15:18,误入潮区,25,0,3473202944,9033215,ec8f04ce,
01:08,02/07/2024 15:08,哈哈哈哈哈,25,0,2130928384,16777215,4ddf7bad,
00:08,02/07/2024 15:03,舒服了,25,0,1552228608,16777215,4b299abe,
01:07,02/07/2024 14:57,膈应死了！,25,0,1376046336,16777215,339f1989,
02:37,02/07/2024 14:57,到时辰过年了,25,0,2692889600,16777215,6796553c,
00:38,02/07/2024 14:53,饺杂,25,0,2424706816,16777215,aef0f64e,
01:14,02/07/2024 14:47,6666666666,25,0,1040277504,16777215,ba71be90,
02:20,02/07/2024 14:45,盖亚,25,0,2332267264,16777215,2587c24,
02:19,02/07/2024 14:43,禁止乱放烟花爆竹！赶出去！,25,0,897790464,16777215,1ef6471c,
01:19,02/07/2024 14:40,这个可以,25,0,2508306176,16777215,70e032a3,
01:06,02/07/2024 14:29,这么直接，现在都不避人了你们这些小黑子,25,0,3515017216,16777215,9ba779b8,
03:03,02/07/2024 14:26,中计了,25,0,1996903680,16777215,b9179004,
00:16,02/07/2024 14:23,哈哈哈哈哈,25,0,3884260096,16777215,b9179004,
03:34,02/07/2024 14:20,好活当赏,25,0,8574720,16777215,99cf790b,
03:10,02/07/2024 14:17,阴阳师启动,25,0,1904248320,16777215,68498385,
03:26,02/07/2024 14:15,一喂顺风车v,25,0,3473016576,16777215,5ad39fdd,
00:12,02/07/2024 14:15,一喂顺风车v,25,0,3456506880,16777215,5ad39fdd,
01:59,02/07/2024 14:07,烤乳猪,25,0,2676351232,16777215,55538f7f,
00:10,02/07/2024 14:04,hhhhh,25,0,537282816,16777215,55538f7f,
00:30,02/07/2024 14:01,如来伸掌,25,0,3406158592,16777215,78447c81,
01:02,02/07/2024 13:54,哈哈哈哈哈哈,25,0,319249920,16777215,b19dc0c,
01:22,02/07/2024 13:51,哈哈哈哈哈哈哈哈,25,0,545351680,16777215,de089abf,
00:30,02/07/2024 13:50,梁佛祖,25,0,3464860416,16777215,de089abf,
02:46,02/07/2024 13:49,！！！！！,25,0,260160768,16777215,2a7ed14,
00:23,02/07/2024 13:38,国际化,25,0,2835734784,16777215,f1861731,
01:21,02/07/2024 13:34,春晚跳日语歌，那可真是难评,25,0,2139446272,16777215,4d324f6e,
02:49,02/07/2024 13:28,比春晚好看,25,0,2693241600,16777215,f24550d8,
00:11,02/07/2024 13:22,哈哈哈哈哈哈,25,0,2676470016,16777215,ef6a41fc,
02:35,02/07/2024 13:16,不必管他,25,0,2785023232,16777215,83d98944,
00:54,02/07/2024 13:13,会七十二变就爆杀凡人们了,25,0,620847616,16777215,18fb8b9d,
01:41,02/07/2024 13:05,好！！！,25,0,2441103872,16777215,cd8fce1,
00:10,02/07/2024 13:03,拜拜了 你这如来,25,0,3406177792,16777215,7c1aeea,
01:08,02/07/2024 12:58,这个必须有,25,0,1502011392,16765698,6e120f3c,
01:27,02/07/2024 12:55,忽略！,25,0,1132817920,15138834,6ed0ba4c,
00:19,02/07/2024 12:41,一下子没绷住,25,0,612385280,16777215,5ab759cf,
01:19,02/07/2024 12:38,可以,25,0,2315598336,16777215,59eebc7c,
00:40,02/07/2024 12:34,枯燥の小曲,25,0,1241707520,16777215,f3232061,
00:51,02/07/2024 12:33,科目三（即答）,25,0,2852152064,15138834,7b034f2f,
01:24,02/07/2024 12:29,哈哈,25,0,3951221504,16777215,a3eb8501,
01:14,02/07/2024 12:27,猪你太美,25,0,721607168,16777215,63be81d,
00:22,02/07/2024 12:25,发音还挺标准,25,0,2718195712,16777215,df241d,
00:33,02/07/2024 12:08,佛山不是广东的吗？,25,0,1551975936,16777215,3d1103be,
01:35,02/07/2024 12:03,这个可以有,25,0,319163136,16777215,50c4da3d,
03:33,02/07/2024 12:01,这个比春晚好看,25,0,3372463872,16777215,47e86b37,
01:07,02/07/2024 11:59,哈哈哈哈哈哈,25,0,4135690240,16777215,a001f0e4,
00:28,02/07/2024 11:53,哈哈哈,25,0,2969735168,16777215,b605f7b1,
01:26,02/07/2024 11:45,这个可以,25,0,1703339776,16777215,2f577569,
01:08,02/07/2024 11:43,够了够了,25,0,3909442304,16777215,8cc927dc,
01:22,02/07/2024 11:40,极乐东土,25,0,3993484800,16777215,fc690163,
00:09,02/07/2024 11:39,哈哈哈这个,25,0,3481648896,16777215,e03365e3,
02:05,02/07/2024 11:35,哈哈哈哈哈哈哈,25,0,4261729792,16777215,bc799d37,
01:05,02/07/2024 11:28,这个好,25,0,1443100416,16777215,8f69d05f,
02:21,02/07/2024 11:26,杨戬：还是猴子6，这招爷爷我竟然不会…,25,0,1308710400,16777215,bd539b63,
00:00,02/07/2024 11:23,中计了,25,0,2030367744,16777215,6d06044f,
03:29,02/07/2024 11:21,这个是83年春晚现场画面,25,0,3506871552,16777215,f206949c,
02:17,02/07/2024 11:18,《窜  天  猴》,25,0,2709688576,16777215,d3c1d7ce,
01:19,02/07/2024 11:14,极道非土,25,0,411129344,16777215,ef6f09ee,
03:14,02/07/2024 11:08,哈哈哈，又中一计,25,0,2156370176,16777215,d9d34797,
02:08,02/07/2024 10:57,年夜饭全是素的,25,0,2172649984,38979,2db07b08,
01:07,02/07/2024 10:55,这个真可以有,25,0,3380743936,16777215,a038243b,
03:17,02/07/2024 10:50,天刀启动,25,0,2416149248,16777215,41966100,
01:08,02/07/2024 10:44,少林乐队，有搞头,25,0,1283767552,16777215,af3773db,
02:48,02/07/2024 10:40,比春晚好看一百倍,25,0,2214729472,16777215,e90fd05d,
00:08,02/07/2024 10:31,麻烦开一下混响,25,0,2667771904,16777215,3ff95cb8,
01:21,02/07/2024 10:28,最喜欢的一集,25,0,3070672128,16777215,56de8769,
00:13,02/07/2024 10:27,笑死了,25,0,746607872,16777215,55b0c39c,
00:03,02/07/2024 10:16,给我来一笼生煎包,25,0,772214016,16777215,defc2daa,
00:16,02/07/2024 10:10,观音菩萨是男性,25,0,1426480384,16777215,436fbd5f,
00:16,02/07/2024 10:04,观音：面露难色,25,0,3691385600,16777215,a0894fe7,
00:54,02/07/2024 09:57,额,25,0,3867432448,16777215,4fd88f17,
00:18,02/07/2024 09:56,额,25,0,3196318208,16777215,4fd88f17,
03:30,02/07/2024 09:53,齐天乐,25,0,637738496,16777215,26d8948a,
00:35,02/07/2024 09:46,？,25,0,679667968,16777215,671a96ef,
00:14,02/07/2024 09:45,一脸仏相,25,0,1677905920,16777215,9dc0a05d,
01:44,02/07/2024 09:44,早知道这么好看留到过年了,25,0,2130870016,16777215,4a983ba1,
00:58,02/07/2024 09:40,3d抠图,25,0,4286963712,16777215,18f90f29,
03:15,02/07/2024 09:37,原神启动,25,0,847675648,16777215,bba9f403,
02:23,02/07/2024 09:33,哈哈哈逆水寒,25,0,3297239808,16777215,d3912a88,
03:08,02/07/2024 09:26,逆水寒删除,25,0,1887671808,16777215,6b14517f,
02:59,02/07/2024 09:15,不是，逆水寒的广都这样了？,25,0,2835500800,16777215,b7ed6d2,
01:06,02/07/2024 09:09,有一说一，八戒跳的真好。,25,0,1686208768,16777215,1d18159e,
00:51,02/07/2024 09:01,懂了,25,0,4127517696,16777215,4b20ff38,
01:30,02/07/2024 08:58,不可,25,0,2709997824,16777215,2cfe8bf8,
01:24,02/07/2024 08:52,都是最dinner的烂梗,25,0,587396864,16777215,421068f2,
01:08,02/07/2024 08:44,济宁太美,25,0,2491850496,16777215,f75879f0,
00:59,02/07/2024 08:24,哈哈哈哈哈,25,0,2617397504,16777215,3d38b7c7,
00:53,02/07/2024 08:22,？,25,0,4161010432,16777215,38223f50,
00:54,02/07/2024 08:20,南方人春節不包餃子！！！,25,0,2810418688,16777215,ab25af20,
02:08,02/07/2024 08:00,白龙马：逃过一劫,25,0,3187811840,15138834,2e343d24,
01:10,02/07/2024 07:18,本来挺喜欢你的,25,0,4228235776,16777215,48e3271e,
01:08,02/07/2024 07:03,今年猪肘不愁了,25,0,3548780032,16777215,801307bb,
00:09,02/07/2024 06:34,混响！,25,0,2030140160,16777215,99b4efdd,
00:44,02/07/2024 06:06,热知识：西游记里设定观音是女,25,0,1375891456,16777215,8f7fe8f8,
00:08,02/07/2024 04:35,，,25,0,1132503040,16777215,38760eb8,
01:46,02/07/2024 03:57,火倒是没伤到大圣，你喷个烟可给大圣伤的不轻,25,0,1510023936,16777215,90121526,
00:20,02/07/2024 03:47,哈哈哈哈哈哈哈,25,0,1275353088,16777215,6a196200,
01:19,02/07/2024 03:39,你让他跳完,25,0,1367817984,15138834,944c22d9,
00:35,02/07/2024 03:21,冻踏车儿！,25,0,2197882624,16777215,bcc418fe,
03:09,02/07/2024 03:12,一梦江湖启动,25,0,142903040,16777215,422ab461,
01:11,02/07/2024 02:27,这个好,25,0,1820603648,16777215,5c6832a,
00:23,02/07/2024 02:17,热知识：观音是无性的,25,0,167954944,16777215,523b7c61,
00:57,02/07/2024 02:00,草，今年不会有科目三,25,0,2684517120,15138834,e95094d7,
00:13,02/07/2024 01:50,必备科目三,25,0,1208314368,16777215,d96d1927,
01:20,02/07/2024 01:35,这三个有什么区别,25,0,2013337856,16777215,492450cf,
02:31,02/07/2024 01:29,bgm女声是谁啊,25,0,8603136,16777215,78115537,
00:30,02/07/2024 01:18,春晚跳科目三的话今年也得说拜拜了,25,0,528588800,14811775,2544ba1,
02:01,02/07/2024 01:13,《烤唐僧肉》,25,0,3691375872,9487136,71c25891,
02:49,02/07/2024 01:09,大电音寺,25,0,2818795264,16777215,f84522be,
01:16,02/07/2024 01:00,今夕是何年,25,0,2223257344,15138834,8f082520,
00:33,02/07/2024 00:57,大制作,25,0,1518778624,16777215,97cf0d75,
00:28,02/07/2024 00:46,一身反骨,25,0,2391081472,16777215,61bfb35b,
00:09,02/07/2024 00:40,笑死我了 混响… …,25,0,67273984,16777215,97605ff1,
01:37,02/07/2024 00:35,AD：啊？,25,0,964771328,16777215,da6498df,
01:09,02/07/2024 00:30,鸡你太美可以,25,0,3858939648,16777215,4a132d33,
00:46,02/07/2024 00:28,哈哈哈哈哈哈哈,25,0,1208257536,16777215,17005220,
01:10,02/07/2024 00:23,好家伙,25,0,67451648,16777215,b482dbcf,
01:17,02/07/2024 00:17,沙悟净土,25,0,1426244352,16777215,a5fc1f1,
00:11,02/07/2024 00:08,哈哈哈,25,0,294074112,16777215,cedf995b,
00:14,02/07/2024 00:07,开头开混响一上来就绷不住了,25,0,3540427520,16777215,3efeb499,
01:59,02/07/2024 00:04,哈哈哈哈哈,25,0,1636270336,16777215,4e6aac29,
01:48,02/07/2024 00:04,哈哈哈哈哈,25,0,1065741056,16777215,4e6aac29,
01:05,02/07/2024 00:02,这个好,25,0,3095740160,16777215,fb3186eb,
02:48,02/07/2024 00:00,一梦天刀启动,25,0,3146239744,16777215,906c2fbb,
00:16,02/06/2024 23:55,哈哈,25,0,4194663936,16777215,9eb3776c,
03:26,02/06/2024 23:51,顺火暖,25,0,1560486656,16777215,e4e2ec23,
00:55,02/06/2024 23:48,。。,25,0,252050176,16777215,ba24a61f,
03:23,02/06/2024 23:45,BYD的逆水寒··GNM,25,0,461722624,16777215,4e8460de,
00:53,02/06/2024 23:42,大圣多重影分身包啊！他们又没说不可以开挂！,25,0,2651055872,16646914,6b3e9773,
00:26,02/06/2024 23:40,收藏了,25,0,2197960960,16777215,c8eff20a,
01:08,02/06/2024 23:39,关起来,25,0,2726477312,16777215,f3c2d9d4,
01:19,02/06/2024 23:35,《 沙 悟 净 土 》,25,0,3884036096,52480,8a8fe4fb,
00:09,02/06/2024 23:30,哈哈哈哈哈哈哈,25,0,59164160,16777215,b4b59f11,
02:27,02/06/2024 23:26,坏了，是我中计了,25,0,1501693952,15138834,1c600db6,
02:48,02/06/2024 23:20,啊啊，我的眼睛~,25,0,1484941824,16777215,f08af49a,
00:32,02/06/2024 23:14,objection！,25,0,3473398016,41194,b5c7703f,
02:36,02/06/2024 23:11,中计了,25,0,3154523136,16777215,283d43bc,
03:06,02/06/2024 23:06,升华了,25,0,3397729024,16777215,1d65093f,
00:55,02/06/2024 23:06,咬打火机,25,0,159493888,16777215,a8dcf7bc,
00:59,02/06/2024 23:04,火眼金睛是这么熏出来的是吧,25,0,1602477568,16777215,d4699409,
01:19,02/06/2024 23:01,哈哈哈莫名适配,25,0,1057138176,16777215,fa1fde26,
00:09,02/06/2024 23:00,哈哈哈哈哈哈哈哈哈哈哈,25,0,3121047552,16777215,fa1fde26,
00:30,02/06/2024 22:58,我反对！！！…,25,0,3834069504,16707842,ddf6f266,
03:27,02/06/2024 22:55,神圣石可太抽象了。,25,0,2382855936,16777215,55c8a20b,
02:03,02/06/2024 22:50,唐僧表示今晚开荤。,25,0,3766552576,16777215,63448360,
03:10,02/06/2024 22:47,拷貝，是中國娃娃,25,0,1619108096,16777215,1d52d63b,
01:19,02/06/2024 22:45,在我看来不都一样吗,25,0,3355965952,16777215,7df86eec,
02:57,02/06/2024 22:44,什么？逆水寒,25,0,1585824768,16777215,7b589d36,
03:11,02/06/2024 22:39,剑网三启动,25,0,3229615104,16777215,4f9a4036,
01:15,02/06/2024 22:36,哈哈哈哈哈哈哈哈哈哈哈,25,0,3037068032,16777215,1694e20d,
01:52,02/06/2024 22:31,哈哈哈哈哈哈,25,0,3892394752,16777215,59baa52f,
00:22,02/06/2024 22:29,笑死了,25,0,2374238720,16777215,89ca249f,
01:28,02/06/2024 22:26,大悲咒,25,0,3146053632,16777215,9f799bb4,
01:17,02/06/2024 22:22,哈哈哈哈哈,25,0,1434775040,16777215,6b1a2940,
02:37,02/06/2024 22:19,哈哈哈哈,25,0,537053440,16777215,58a4daf2,
01:18,02/06/2024 22:17,不要放儿歌,25,0,1334020864,16777215,7e270efb,
00:11,02/06/2024 22:17,哈哈哈哈哈哈,25,0,276865280,16777215,e42d1d8e,
00:27,02/06/2024 22:13,饱米粉吧,25,0,3641019904,16777215,cfbac60d,
00:39,02/06/2024 22:10,观世音不是男生女相，而是本来是男性，在后续传说中因慈爱属性而与送子绑定上了，于是在流传中被女性化了。,25,0,159875584,9033215,286e884d,
01:20,02/06/2024 22:06,极乐净土，多好的名字,25,0,1258327296,16777215,436ad80a,
01:34,02/06/2024 22:05,《耍猴》,25,0,4085651712,15138834,50df2087,
02:31,02/06/2024 22:00,中计了,25,0,2642887936,16777215,be5611cb,
03:23,02/06/2024 22:00,谁家玉笛暗飞声,25,0,4009964800,16777215,1874a7c0,
02:53,02/06/2024 21:58,不让放鞭炮，狗子还放,25,0,772252416,16777215,1665a743,
02:25,02/06/2024 21:54,逆水寒打钱,25,0,4018475264,16777215,7497c99d,
01:06,02/06/2024 21:53,猪你太美,25,0,746834944,16777215,be3f1047,
00:14,02/06/2024 21:49,哈哈哈哈哈,25,0,2877655808,16777215,5bebdd76,
03:32,02/06/2024 21:48,87春晚,25,0,3347420416,16777215,4d920938,
00:05,02/06/2024 21:46,前三句我就不行了,25,0,3766788864,16777215,18bfb7c6,
01:22,02/06/2024 21:44,喔靠！,25,0,4219740928,16777215,b22fbca5,
01:21,02/06/2024 21:41,这个可以哈哈哈,25,0,235095296,16777215,115fbf98,
01:46,02/06/2024 21:41,哈哈哈,25,0,2055502848,16777215,b5d52ae8,
01:06,02/06/2024 21:39,哈哈哈哈哈哈哈哈哈哈,25,0,100797696,16777215,d4c53a8f,
00:12,02/06/2024 21:34,笑发财了,25,0,2239862016,16777215,5c037fee,
03:11,02/06/2024 21:31,中国娃娃不知道？,25,0,2759930368,16777215,1affec95,
01:13,02/06/2024 21:28,大制作,25,0,3414212608,16777215,91d504f9,
00:37,02/06/2024 21:23,玄德の小曲,25,0,2365991424,16777215,3d08fb9f,
02:55,02/06/2024 21:21,掌中佛国,25,0,3649100544,16777215,495f3a38,
00:15,02/06/2024 21:18,梦回1987,25,0,1006669056,16777215,696c0f33,
00:10,02/06/2024 21:17,哈哈哈哈,25,0,2063789568,16777215,c2a4e0e2,
00:14,02/06/2024 21:14,难蚌,25,0,3372335872,16777215,9ed9b6cb,
00:31,02/06/2024 21:13,观音：找茬是不是？,25,0,3330375424,16777215,f7fd4217,
00:47,02/06/2024 21:12,如来哈哈,25,0,3179601152,16777215,b30cace6,
01:42,02/06/2024 21:10,不如咬打火机,25,0,2248187392,16777215,544e2665,
02:09,02/06/2024 21:06,天黑请闭眼,25,0,1988440576,9033215,35440292,
03:13,02/06/2024 21:02,我以为掉神圣石了,25,0,3011809280,16777215,78240a78,
01:01,02/06/2024 20:59,你狗屁才艺,25,0,3389112320,16777215,76bd40a1,
02:50,02/06/2024 20:54,好像是中国娃娃的歌来着吧,25,0,1585681664,16755202,a6dfa949,
00:18,02/06/2024 20:54,蚌埠住,25,0,2290245120,16777215,1268744e,
02:32,02/06/2024 20:51,新的一天到了（指正）,25,0,2525411584,15138834,a5f552a6,
02:31,02/06/2024 20:49,???,25,0,2064102400,16777215,f60dd015,
01:50,02/06/2024 20:49,wannafee,25,0,1778675712,16777215,eb7b5269,
00:37,02/06/2024 20:46,成分过于复杂,25,0,3607174144,16707842,2bd14fcd,
01:08,02/06/2024 20:46,这个好！,25,0,536983296,16777215,4e56d1e9,
00:40,02/06/2024 20:44,这bgm不简单,25,0,528585984,16777215,92fa4bb6,
03:16,02/06/2024 20:43,哈哈哈哈哈哈哈哈哈,25,0,1627629568,16777215,47df5477,
03:18,02/06/2024 20:40,迟师傅真的太帅啦,25,0,3649381376,16777215,9eea06ee,
01:21,02/06/2024 20:38,哈哈哈哈哈哈哈哈哈,25,0,2315606784,16777215,35a897cb,
01:39,02/06/2024 20:34,口型都对上了,25,0,3372383232,16777215,da1dd17c,
01:23,02/06/2024 20:33,cao 还真行,25,0,3062093824,16777215,5c15099e,
00:31,02/06/2024 20:29,中美合拍，两开花,25,0,2340937728,16777215,e93799bc,
01:06,02/06/2024 20:20,这个可以,25,0,1401095680,16777215,fe6fe4d6,
00:43,02/06/2024 20:19,包什么馅儿的？,25,0,2793666304,16777215,d70c1efa,
01:06,02/06/2024 20:17,哈哈哈哈哈哈哈哈哈哈哈,25,0,3045262848,16777215,5d80c334,
00:35,02/06/2024 20:16,因为是南海观世音菩萨 所以反对 哈哈,25,0,4286851328,16777215,cff144bd,
00:01,02/06/2024 20:16,如来你也过春节吗,25,0,4244846336,16740868,5d80c334,
01:05,02/06/2024 20:15,这个有绝对支持,25,0,3314005248,16777215,43982f31,
01:08,02/06/2024 20:14,开庭记得带上八戒,25,0,3532032000,15138834,1bc03e06,
02:29,02/06/2024 20:12,哇一逆水寒,25,0,126262784,16777215,5d987b4c,
01:18,02/06/2024 20:10,大草原,25,0,3439817984,16777215,44999c83,
03:06,02/06/2024 20:09,家人们 已经在逛超市了，谁要黄瓜味薯片？,25,0,1870979840,16755202,5d80c334,
02:26,02/06/2024 20:08,我就说，世界是个巨大的逆水寒,25,0,2357236736,16776960,5d80c334,
02:23,02/06/2024 20:05,不好笑  恶搞我大师兄,25,0,159592704,16777215,c925d1f9,
01:13,02/06/2024 20:04,woc,25,0,2483085312,16777215,f68387eb,
00:09,02/06/2024 20:03,哈哈哈哈哈,25,0,1837112320,16777215,839782a0,
00:14,02/06/2024 20:00,like要用doing哦,25,0,2248570368,16777215,a86f3f42,
01:33,02/06/2024 19:59,艹，大圣跳火圈,25,0,1023591680,16707842,9022420a,
00:43,02/06/2024 19:58,文西の小曲,25,0,3229843712,16777215,c10c12a4,
00:02,02/06/2024 19:53,有那味了,25,0,2944726272,15138834,b16c8354,
00:43,02/06/2024 19:51,3000+,25,0,956421888,16777215,6b653fa8,
03:14,02/06/2024 19:49,自在门弟子给大家拜年啦,25,0,839341824,16777215,4be20874,
01:21,02/06/2024 19:49,难绷！,25,0,2735070720,16777215,b0767b1e,
01:06,02/06/2024 19:45,这个支持！,25,0,797009408,16777215,7a47d792,
03:21,02/06/2024 19:43,这动画做得不错,25,0,998764288,16777215,3b7e4978,
00:51,02/06/2024 19:40,变高变大变长,25,0,3456445952,16777215,8da58dcc,
00:40,02/06/2024 19:37,如包？！,25,0,319083264,16777215,de484de6,
02:41,02/06/2024 19:36,3000+,25,0,4236557568,16777215,28da4c10,
03:06,02/06/2024 19:35,和逆水寒啥关系,25,0,3951111424,16777215,64453a49,
01:05,02/06/2024 19:34,哈哈哈哈哈哈哈，这个比科目三秀多了！！！,25,0,1309071872,16776960,ef73a92b,
02:45,02/06/2024 19:33,好活,25,0,2575705600,16777215,51406808,
01:21,02/06/2024 19:32,等会，沙僧胸前那是啥,25,0,688312576,16777215,51406808,
03:16,02/06/2024 19:31,感觉迟师傅有一种国泰民安稳重成熟的帅,25,0,4119289856,16777215,9a1f1fea,
01:05,02/06/2024 19:26,小黑猪,25,0,2055320320,16777215,abcc4abf,
01:09,02/06/2024 19:23,b友爱看就不算烂梗,25,0,822340096,16777215,860ee80,
02:17,02/06/2024 19:21,我以为会出现狂欢之椅,25,0,2080801280,16777215,d66e799d,
01:35,02/06/2024 19:20,烤猪蹄,25,0,385924096,16777215,72e4dc6a,
00:32,02/06/2024 19:18,迁手观音,25,0,394608896,15772458,81da439e,
02:59,02/06/2024 19:14,？,25,0,2449898752,16777215,c0510d7b,
00:10,02/06/2024 19:13,开场就绷不住了,25,0,1996822784,16777215,d5808998,
00:52,02/06/2024 19:11,佛  不  在  西  天,25,0,2432926464,16707842,d1c213a6,
00:14,02/06/2024 19:08,HHHH,25,0,646445568,16777215,8387ad5,
02:27,02/06/2024 19:06,啊？,25,0,1325551872,16777215,51afe786,
01:58,02/06/2024 19:06,这是烤全猪！,25,0,1527208960,16777215,6524ffd,
01:33,02/06/2024 19:03,唐山葬！,25,0,4270322432,16777215,52951ba6,
00:22,02/06/2024 19:00,哈哈哈哈哈哈哈,25,0,1963355648,16777215,a337b5e1,
01:08,02/06/2024 18:55,哈哈哈,25,0,1895948544,16777215,1b038b,
00:08,02/06/2024 18:54,对味了,25,0,3137371136,16777215,896bb1c6,
00:19,02/06/2024 18:52,正经人谁看春晚,25,0,2684746240,16777215,acdd9921,
00:31,02/06/2024 18:51,歪日啊。。,25,0,2483179264,16777215,9e94a048,
00:50,02/06/2024 18:48,我会跳科目三（抢答）,25,0,2441530624,16777215,cd5ac531,
03:27,02/06/2024 18:47,这个还真的是八几年的春晚，原剧组大联欢,25,0,2994967296,16777215,d5e83b95,
00:55,02/06/2024 18:40,紧跟时事,25,0,151486720,15138834,db2820c2,
01:09,02/06/2024 18:38,五六年没看过春晚了，有什么好看的，浪费生命!,25,0,2759888896,16777215,b5850cc8,
01:14,02/06/2024 18:34,小黑子,25,0,4261823488,16777215,5f264262,
00:06,02/06/2024 18:30,封面张让,25,0,1652740096,16777215,7bac6ea5,
01:14,02/06/2024 18:28,哈哈哈哈哈哈哈哈哈哈猪哥灵魂编舞,25,0,3875871232,16777215,2f9bbe87,
03:01,02/06/2024 18:25,？,25,0,1309111552,16777215,52cdee45,
01:19,02/06/2024 18:24,这个可以,25,0,3330406400,16777215,208c2ced,
03:04,02/06/2024 18:21,剑网三启动,25,0,386304768,16777215,3321c346,
00:15,02/06/2024 18:19,中西合璧,25,0,2122809088,16707842,31c98aec,
00:43,02/06/2024 18:18,这个bgm妙啊,25,0,3406210560,16777215,59fc9931,
00:41,02/06/2024 18:16,这西游记续集好吧,25,0,2625900032,16777215,6b0f5ae2,
01:08,02/06/2024 18:10,草，不看了，还玩这梗，up主你没长进,25,0,3196073728,16777215,4e405f95,
01:21,02/06/2024 18:08,哈哈哈哈哈哈哈哈哈，绷不住了,25,0,3900804864,16777215,9f129637,
01:05,02/06/2024 18:01,春晚有这个 我吹爆,25,0,310587904,16777215,d53c2bc3,
01:07,02/06/2024 17:59,这个可以,25,0,838868992,16777215,557fdf4,
00:10,02/06/2024 17:56,哈哈哈哈哈出音味来,25,0,4068991232,16707842,36e6ff23,
01:04,02/06/2024 17:54,可是你是居居啊啊啊,25,0,1241954816,16777215,1a5995d3,
00:16,02/06/2024 17:51,哈哈哈,25,0,646066944,16777215,fe4ec44f,
01:18,02/06/2024 17:45,这个我赞成！,25,0,210056704,16777215,450b4b25,
01:23,02/06/2024 17:41,二次元好评,25,0,2684835328,16777215,74b67801,
01:03,02/06/2024 17:35,哈哈哈哈,25,0,3162793728,16777215,66a97403,
02:11,02/06/2024 17:33,确实，在年级大的人眼中科目3和极乐净土是一样的,25,0,1056994816,16777215,52b95e4c,
00:02,02/06/2024 17:31,封面就难绷,25,0,1040627968,16707842,36e6ff23,
01:23,02/06/2024 17:26,这个真没绷住哈哈哈,25,0,3750125824,16777215,7fba5c8b,
02:38,02/06/2024 17:22,夭寿啦玉皇大帝给我跳舞助兴啊,25,0,3640875520,16777215,b0896ec4,
01:48,02/06/2024 17:17,哈哈哈哈哈哈哈哈,25,0,302269952,16777215,69743a63,
03:07,02/06/2024 17:11,候歌成了乐子,25,0,2097324800,16777215,ef805392,
02:24,02/06/2024 17:00,窜天猴,25,0,872788736,16777215,72d19d26,
01:20,02/06/2024 16:50,难绷,25,0,3372581888,16777215,ea3e722c,
01:11,02/06/2024 16:46,哈哈哈,25,0,4110907904,16777215,fc1b3273,
00:31,02/06/2024 16:45,我反对,25,0,1845668352,16777215,be11a6ef,
00:15,02/06/2024 16:36,666666,25,0,2189930752,16777215,af86358d,
00:12,02/06/2024 16:28,哈哈哈哈哈哈,25,0,192959488,16777215,8ce67196,
01:08,02/06/2024 16:19,这个真喜欢,25,0,1040472064,16777215,6fdff94b,
01:07,02/06/2024 16:17,抽象，太抽象了,25,0,822565632,16777215,d390fea1,
00:21,02/06/2024 16:14,热知识：hate的意思是憎恨,25,0,847590400,16777215,8eb61120,
02:46,02/06/2024 16:11,这不比春晚好看得多？,25,0,2885971968,38979,a17a521f,
02:43,02/06/2024 16:11,这不比春晚好看得多？,25,0,3934380288,38979,a17a521f,
00:24,02/06/2024 16:10,印度神说英文过中国节日,25,0,2273338880,16777215,b83e75c7,
01:38,02/06/2024 15:38,[ohhhhh],25,0,2575586048,16777215,ee4ce3d7,
00:22,02/06/2024 15:36,[ohhhhhhhhhhhhhhhh],25,0,3674501632,16777215,ee4ce3d7,
00:34,02/06/2024 15:21,如来神掌【龙年限定】,25,0,327445248,16777215,7902597e,
00:25,02/06/2024 14:57,刚看完西游记得我疯了,25,0,3850527488,16777215,2516c4c7,
00:31,02/06/2024 14:57,我反对,25,0,2088846848,16777215,32726ae4,
00:57,02/06/2024 14:43,哈哈哈哈哈哈哈哈哈哈哈哈哈好吧,25,0,3951319296,16777215,725094c2,
02:12,02/06/2024 14:38,馒头就着米饭吃,25,0,42338048,16777215,d0c20a7f,
02:22,02/06/2024 13:27,狂欢之椅,25,0,3716376576,16777215,19177c2,
01:19,02/06/2024 12:50,峰哥,25,0,352579840,16707842,30aa0db6,
01:17,02/06/2024 12:24,极乐净土可以，我赞成,25,0,2575511296,16707842,22e6f8a3,
01:00,02/06/2024 12:08,辣眼睛（物理）,25,0,1929588480,16777215,3ef74653,
02:57,02/06/2024 11:58,啊？这居然是逆水寒的单吗？,25,0,1065561856,16777215,21b13e81,
00:18,02/06/2024 11:53,天上一天地上一年，天上不是天天看春晚？,25,0,411250432,16777215,d94b421a,
02:19,02/06/2024 11:47,真  窜天猴,25,0,4051906304,16707842,95db16c5,
01:01,02/06/2024 11:45,本来挺喜欢西游记的,25,0,3397594880,16707842,95db16c5,
01:15,02/06/2024 11:42,沙悟净土,25,0,2751672064,15138834,cfbf754b,
01:07,02/06/2024 11:41,去菜市场看一眼吧，猪蹄就是比人腿细,25,0,2097360640,15138834,9fc66f53,
00:28,02/06/2024 11:38,拉仇恨,25,0,1451437824,16777215,89567f1a,
01:05,02/06/2024 11:36,这个好！,25,0,805515008,16777215,4698e2dd,
03:22,02/06/2024 11:35,齐天乐,25,0,151203584,16777215,2e3914c5,
00:30,02/06/2024 11:29,观音：？,25,0,3800248064,16777215,aaf02098,
00:57,02/06/2024 11:28,啊啊啊啊啊啊啊,25,0,2718117632,16777215,f33a95dd,
02:36,02/06/2024 11:27,不必管他,25,0,2281910016,16777215,be83c184,
00:50,02/06/2024 11:25,哈哈哈哈哈哈哈哈,25,0,1409494784,16777215,32abcd5e,
00:02,02/06/2024 11:24,1000+！！！,25,0,973287168,16777215,76be977,
03:00,02/06/2024 11:23,去你的逆水寒,25,0,327364352,16777215,87cc25d6,
01:06,02/06/2024 11:17,这个可以有（）,25,0,3976408832,16707842,3dbea0d6,
01:12,02/06/2024 11:12,《猪你太美》,25,0,2894278400,16777215,8e72e997,
01:07,02/06/2024 11:10,还是科目三吧,25,0,2239966976,16777215,31be7b3d,
02:48,02/07/2024 16:00,这么好笑哈哈哈早知道留春晚看了,25,0,4144048896,16777215,c5d64b8c,
01:18,02/07/2024 15:54,哈哈哈哈,25,0,1417967872,16777215,533865c0,
02:52,02/07/2024 15:43,好！永劫无间，启动！,25,0,2768583680,16777215,caeb4f10,
02:47,02/07/2024 15:40,天上一天地上一年岂不是说天上每天都得过春节,25,0,2701355264,16777215,daa4077,
00:08,02/07/2024 15:34,今年还会多个科目三,25,0,3213085696,16777215,16f2f8a9,
01:00,02/07/2024 15:32,好活当赏,25,0,4261548544,16777215,47936fb0,
00:17,02/07/2024 15:26,666，男扮女装的观音，能管理生子，厉害啊,25,0,2139596800,16646914,6cf70927,
03:17,02/07/2024 15:22,发大财,25,0,3599039232,16777215,e3a1f6a7,
01:52,02/07/2024 15:10,烤乳猪,25,0,4110752256,16777215,438fdfe0,
01:15,02/07/2024 15:04,这个好,25,0,3037159168,16777215,af183392,
01:09,02/07/2024 14:59,这个可以有,25,0,2827202816,16777215,5487b266,
01:07,02/07/2024 14:57,膈应死了！,25,0,1057469696,16777215,339f1989,
01:16,02/07/2024 14:54,看早了，应该留着过年看的,25,0,3531691520,16777215,fdb46437,
02:08,02/07/2024 14:53,烤田螺没了,25,0,2525169152,16777215,9f9cef3b,
00:33,02/07/2024 14:47,包你大爷,25,0,67194880,16777215,1a7bddf6,
00:14,02/07/2024 14:42,哈哈哈哈哈哈哈哈,25,0,3305349120,16777215,da56b356,
00:30,02/07/2024 14:31,什么玩意热知识，别发了，谁不知道,25,0,2785042176,16777215,58d54ada,
01:29,02/07/2024 14:29,伙魔斩,25,0,3607433728,16777215,27defd8a,
02:25,02/07/2024 14:25,窜天猴,25,0,1543758336,16777215,dd4dd127,
01:18,02/07/2024 14:23,私宅蒸鹅心,25,0,58884608,16777215,2a0ef00,
02:24,02/07/2024 14:19,窜天猴,25,0,2172954880,15138834,4e0728a8,
00:20,02/07/2024 14:17,《中式英语》,25,0,2995184384,15138834,4e0728a8,
02:43,02/07/2024 14:15,一喂顺风车v,25,0,1770300672,16777215,5ad39fdd,
02:25,02/07/2024 14:14,这个好,25,0,2785103872,16777215,f7b1e0a5,
01:19,02/07/2024 14:06,太抽象了哈哈哈,25,0,3070572544,16777215,55538f7f,
00:16,02/07/2024 14:03,哈哈哈哈,25,0,3280382464,16777215,f8a1f072,
01:08,02/07/2024 14:00,这个可以有,25,0,3037182720,16777215,72ce071,
00:07,02/07/2024 13:53,哈哈哈哈哈,25,0,1459771904,16777215,b19dc0c,
00:35,02/07/2024 13:51,哈哈哈哈哈哈哈哈哈哈哈哈哈哈哈,25,0,4278337280,16777215,1868ba2f,
01:26,02/07/2024 13:49,这几个真的想看,25,0,1770404096,16777215,681076e8,
00:29,02/07/2024 13:39,那是讨厌的意思。,25,0,2525106176,16777215,edda55f8,
00:20,02/07/2024 13:36,？,25,0,1518717696,16777215,8e80ad97,
00:21,02/07/2024 13:32,广东观音,25,0,1510289152,16777215,3ad8b550,
03:24,02/07/2024 13:24,不是，这还这是那年西游记上春晚的视频，真上了,25,0,948191744,16777215,a12f4941,
01:07,02/07/2024 13:22,昴日星官报名的我集度你的才华，笑死了,25,0,3498492160,16777215,a12f4941,
00:44,02/07/2024 13:15,蟹蟹！,25,0,3322037760,16777215,c086fbc6,
02:53,02/07/2024 13:10,天上一天，地上一年，那天庭不是天天过年？,25,0,889551872,16777215,f993b16f,
00:19,02/07/2024 13:04,英语8级,25,0,3020296704,16777215,6a83b5b3,
00:00,02/07/2024 13:01,南无宝性如来 南无袈裟幢如来 毗婆尸佛 无边身如性如来 波头摩胜如来 师子吼如来 拘留孙佛 宝相如来 k,25,0,3766923520,15138834,a51d1076,
00:28,02/07/2024 13:01,↑在唐太宗那里出现时就写了“女真人”,25,0,1417880320,41194,b708e1c8,
01:53,02/07/2024 12:49,这可比春晚好看多了,25,0,3615651328,15138834,abd31b69,
01:04,02/07/2024 12:41,这玩意都比科目三强,25,0,4118902784,16777215,fbce0c66,
00:20,02/07/2024 12:40,现今春节将至，麻烦包一下水饺,25,0,2374302208,41194,e01f9ab5,
01:07,02/07/2024 12:38,这个可以,25,0,3934414080,16777215,59eebc7c,
01:21,02/07/2024 12:34,哈哈哈哈哈,25,0,973402880,16777215,2ecddbe3,
01:36,02/07/2024 12:33,完颜慧德：action！,25,0,1996537088,38979,ae348720,
01:35,02/07/2024 12:28,消防意识最薄弱的一集,25,0,3942662656,16777215,cf7b162c,
01:26,02/07/2024 12:27,蚌住了,25,0,2676413952,16707842,9e040444,
03:19,02/07/2024 12:17,只有猴子受伤的世界达成了,25,0,3095860480,16777215,b1a9b461,
03:06,02/07/2024 12:06,讚！ ！ ！ ！ ！ ！ ！ ！ ！ ！ ！ ！ ！ ！,25,0,3816996864,16777215,f863c00a,
01:45,02/07/2024 12:03,好多年没看过动物上春晚了。。。。。。,25,0,1585596160,16777215,50c4da3d,
01:41,02/07/2024 12:00,三昧真火圈,25,0,2432899584,16777215,eaa773a7,
02:20,02/07/2024 11:55,消防栓,25,0,3985012736,16777215,da65ee33,
00:50,02/07/2024 11:54,耍猴呀,25,0,4001581312,16707842,1eacfb1f,
00:29,02/07/2024 11:49,早知道留着春晚看的。,25,0,2282199808,16777215,895f161c,
00:18,02/07/2024 11:44,西游记里的就是女的,25,0,2374341888,16777215,7183075a,
00:43,02/07/2024 11:42,四大打工人，苦悲,25,0,2340607744,16777215,8cc927dc,
01:07,02/07/2024 11:40,这个可以有,25,0,4077239808,16777215,65bc9207,
00:21,02/07/2024 11:37,初音未来,25,0,3716255488,16777215,ee42eccd,
00:39,02/07/2024 11:34,哈哈哈哈,25,0,2407598336,16777215,e32ed197,
00:11,02/07/2024 11:28,不开就是小雷音寺了,25,0,2542135040,16777215,6eb0d29c,
02:55,02/07/2024 11:28,彩彩彩,25,0,2240126976,16777215,2aa91199,
03:25,02/07/2024 11:26,这是那一年的西游春晚,25,0,100738048,16777215,412bdde3,
03:29,02/07/2024 11:22,woc  春晚日期打错了,25,0,2265000960,16777215,f206949c,
02:48,02/07/2024 11:19,太抽象了,25,0,17070080,16777215,acb848b2,
02:20,02/07/2024 11:17,原来这就是传说中的“蹿天猴”,25,0,3901181184,16777215,d0d0d9be,
00:05,02/07/2024 11:15,原     声     大     碟,25,0,1510309376,16777215,d3c1d7ce,
00:24,02/07/2024 11:13,请乔帮主,25,0,2609168384,16777215,dddba5f7,
01:10,02/07/2024 11:05,左边一个x，右边一个x，简称中分。,25,0,646404608,16707842,8a319854,
01:09,02/07/2024 10:56,好,25,0,805782016,16777215,a55c6d50,
02:22,02/07/2024 10:50,真.穿天猴 ,25,0,3850401024,16777215,30f67cf9,
00:14,02/07/2024 10:45,热知识：观音菩萨其实是男儿身,25,0,268705024,16777215,90d21f21,
00:47,02/07/2024 10:41,傲来国也是南方人23333,25,0,3834071808,16777215,fc0a8540,
00:25,02/07/2024 10:33,应该中西日结合，hhh,25,0,780403456,16777215,2ec0ad09,
00:56,02/07/2024 10:28,字正腔圆,25,0,2516621312,16777215,c6b04825,
00:26,02/07/2024 10:27,无性？不是男身女相吗？,25,0,931579392,15772458,bc093af0,
00:05,02/07/2024 10:21,各地整活,25,0,289536,16777215,6ec764d2,
01:21,02/07/2024 10:10,哈哈哈哈哈哈哈哈哈哈,25,0,59126272,16777215,aa21cff0,
01:22,02/07/2024 10:08,这个可以有,25,0,629321216,16777215,df512ec2,
01:29,02/07/2024 09:57,额,25,0,4060291584,16777215,4fd88f17,
02:40,02/07/2024 09:57,中计了，居然是逆水寒,25,0,3397691648,16777215,72e87ad2,
03:15,02/07/2024 09:56,神圣石掉了。。,25,0,2324150016,16777215,e3f8e2e6,
00:33,02/07/2024 09:56,如来神掌,25,0,4009816832,15138834,bc47c888,
02:37,02/07/2024 09:52,不必管他,25,0,3196233472,16777215,26d8948a,
00:22,02/07/2024 09:46,放洋屁,25,0,2927705344,16777215,42a116b,
02:56,02/07/2024 09:44,中国娃娃的歌,25,0,1619066368,16777215,a722909e,
01:22,02/07/2024 09:44,异次元:你有事吗？,25,0,4244667904,16777215,d7c3dfd5,
01:45,02/07/2024 09:40,o-0,25,0,2474784768,38979,ec9bfcab,
02:19,02/07/2024 09:38,猴强削,25,0,1644413440,16707842,dea4d203,
00:00,02/07/2024 09:33,《走近科学写的简介》,25,0,402949120,16776960,d03148a0,
00:43,02/07/2024 09:28,刷幽默烂梗的叉出去斩了,25,0,2927844608,15138834,576871b1,
03:30,02/07/2024 09:17,好活,25,0,1913054464,16777215,3991cbe2,
00:08,02/07/2024 09:11,离谱...............,25,0,1099102720,16777215,2475fd9e,
02:23,02/07/2024 09:03,突然开始拜年,25,0,2315543296,16777215,e9feef6e,
00:38,02/07/2024 08:58,究竟是谁找茬,25,0,344044288,16777215,464279fd,
03:26,02/07/2024 08:47,明白神圣石的,25,0,419431680,16777215,f1672b84,
00:36,02/07/2024 08:33,观音也不是男的,25,0,4077344256,8700107,9a9ebe2c,
02:37,02/07/2024 08:26,玉帝除夕可曾放假？,25,0,3934494208,16776960,73acf58b,
03:18,02/07/2024 08:23,加一句 俺老孙被你们骗了,25,0,3716643328,16777215,7b860c35,
01:57,02/07/2024 08:21,早知道就留着当春晚看了,25,0,705014272,16777215,975c179b,
01:51,02/07/2024 08:15,三昧真火的火圈啊,25,0,3934726400,16777215,21d11462,
01:07,02/07/2024 07:25,兄弟们，这个我是真喜欢,25,0,3926150400,16776960,fd6a5f06,
01:15,02/07/2024 06:58,《极悟净土》,25,0,3170919168,16776960,97f0ee99,
00:11,02/07/2024 06:15,大电音寺,25,0,1158072576,16777215,92bbfd6a,
00:43,02/07/2024 06:08,枯燥的小曲儿,25,0,3942987264,16777215,61a50579,
03:19,02/07/2024 04:46,这是1987年春节央视齐天乐晚会现场,25,0,1392614912,16777215,6a4303ae,
01:33,02/07/2024 04:29,在我眼里也没区别,25,0,2928019712,16777215,4421a317,
02:20,02/07/2024 03:51,穿天猴,25,0,3951187712,16777215,6a196200,
01:20,02/07/2024 03:44,难登大雅之堂,25,0,2080679680,16776960,befd23b8,
01:07,02/07/2024 03:36,今夕何年,25,0,2214609408,16777215,498bb728,
00:05,02/07/2024 03:12,童年的味道,25,0,4118984192,41194,e52fd30d,
00:44,02/07/2024 03:06,太枯燥了,25,0,3926317824,16777215,e485cd6,
00:46,02/07/2024 02:43,猪肉馅的？,25,0,872827904,15138834,cda677c8,
03:15,02/07/2024 02:18,剑网三启动,25,0,310400000,16777215,7b0bc4e2,
01:28,02/07/2024 02:03,草，走，忽略,25,0,3523583488,16777215,13568fc6,
00:37,02/07/2024 01:58,BGM：周星驰《国产凌凌漆》猪肉荣摊贩前，达文西登场,25,0,763532800,52480,11792291,
02:46,02/07/2024 01:44,？逆水寒泥……,25,0,2550486528,16777215,9282e430,
01:49,02/07/2024 01:38,烤乳猪哈哈哈哈,25,0,2072287232,16777215,9bc318a5,
01:14,02/07/2024 01:31,暗示春晚有鸡哥,25,0,3640954368,16777215,349931c0,
03:14,02/07/2024 01:21,告辞,25,0,1501975808,16707842,dfb880ff,
00:22,02/07/2024 01:16,.,25,0,3103967744,16777215,7616dc44,
00:40,02/07/2024 01:05,气氛突然枯燥了起来,25,0,965122304,16707842,d198c809,
00:58,02/07/2024 01:00,救命,25,0,3968052480,16777215,54275fa2,
00:40,02/07/2024 00:48,这BGM哈哈,25,0,495209728,16777215,11d684c0,
01:03,02/07/2024 00:45,唐僧肉馅的给我吃一个,25,0,1669380096,16777215,728dcd04,
03:06,02/07/2024 00:36,？,25,0,1451426304,16777215,646dbd6a,
00:31,02/07/2024 00:31,比春晚好看,25,0,2399580928,16707842,df2f9161,
01:09,02/07/2024 00:29,这个可以有,25,0,772063744,16777215,a28dc856,
00:03,02/07/2024 00:26,正常人谁看春晚,25,0,906168576,16777215,10af6609,
00:33,02/07/2024 00:22,中西合璧,25,0,3095802112,16777215,b482dbcf,
02:35,02/07/2024 00:22,不必管他,25,0,184710912,15138834,7902597e,
01:34,02/07/2024 00:13,回阳镜,25,0,2248665856,16777215,abe5396c,
00:50,02/07/2024 00:08,这么多人？,25,0,2928044288,16777215,c641785,
01:13,02/07/2024 00:06,哈哈哈哈哈哈,25,0,2583706880,16777215,dcaf204e,
00:55,02/07/2024 00:05,如包,25,0,1979983872,16777215,2b62fddd,
01:19,02/07/2024 00:03,可以！,25,0,1208121344,16707842,966de54e,
00:09,02/07/2024 00:02,哈哈哈哈哈哈哈,25,0,3330800384,16777215,4e6aac29,
00:41,02/07/2024 00:01,开始枯燥,25,0,3590453760,16777215,455c23c5,
02:42,02/06/2024 23:55,哈哈哈哈哈哈哈哈哈哈哈哈哈哈哈哈哈,25,0,3708205568,16777215,7315c2a9,
01:21,02/06/2024 23:51,这个可以,25,0,3087185408,16777215,24e2df88,
02:28,02/06/2024 23:48,草 我也是知道我为什么会刷到这个视频了,25,0,3221368064,15138834,496f75e3,
00:18,02/06/2024 23:48,观音不是女的,25,0,2214972416,16777215,ba24a61f,
00:27,02/06/2024 23:44,已读不听,25,0,3146105088,16777215,ef6feb86,
00:18,02/06/2024 23:41,放洋屁,25,0,4211192832,16777215,f9f0927a,
00:08,02/06/2024 23:40,来了啊,25,0,2911049984,16777215,c8eff20a,
03:04,02/06/2024 23:37,剑三启动,25,0,822226176,16777215,51ccaf61,
00:58,02/06/2024 23:32,哈哈哈八戒,25,0,4211371264,16777215,b4b59f11,
03:07,02/06/2024 23:28,上号，干,25,0,411197440,16777215,3ae90a66,
03:18,02/06/2024 23:25,中计啦,25,0,2634114560,16777215,ec73432e,
02:55,02/06/2024 23:19,至此已成艺术,25,0,3112495872,16777215,40836cee,
03:01,02/06/2024 23:14,冷知识:演唱者中国娃娃是泰国人,18,0,67223552,16707842,263c4d17,
02:42,02/06/2024 23:11,通货膨胀,25,0,1686429440,16777215,c21beac4,
03:02,02/06/2024 23:07,中计了,25,0,394332416,16777215,c4731211,
00:55,02/06/2024 23:06,我朋友春节晚会真跳科目三,25,0,3330585856,16777215,31cdf79d,
00:13,02/06/2024 23:04,啊？,25,0,3288527872,16777215,56829ac5,
02:40,02/06/2024 23:03,笑死,25,0,1199843072,16777215,fa1fde26,
00:00,02/06/2024 23:01,封面笑死,25,0,243722496,16777215,14d47313,
00:12,02/06/2024 23:00,哈哈哈哈哈哈,25,0,386324480,16777215,7bfdfe7b,
01:27,02/06/2024 22:54,巜小亮给大家整个活》,25,0,2844019200,15138834,b0d83658,
02:40,02/06/2024 22:50,给凡人奖励一天串休吧,25,0,1300506880,16777215,941dbd94,
02:12,02/06/2024 22:48,变个烟花 让人看了就爱国的那种,25,0,4077369600,16777215,941dbd94,
00:00,02/06/2024 22:46,`0,25,0,981855488,16777215,bab4ff51,
00:45,02/06/2024 22:43,火钳刘明,25,0,730229248,16777215,3cc30369,
01:04,02/06/2024 22:39,唯一真神,25,0,3456174336,16777215,7fc207e1,
02:59,02/06/2024 22:36,只有猴子受伤的世界达成了,25,0,1585891328,16777215,7f2fc6a6,
00:30,02/06/2024 22:32,俺也一样,25,0,310512384,16777215,49e97ba1,
03:28,02/06/2024 22:29,他们是真的上了春晚，而且是带着剧中人物的身份上的,25,0,4035276288,16777215,2e18317d,
01:01,02/06/2024 22:28,笑不活了,25,0,3749906944,15138834,5e3a6bb,
01:00,02/06/2024 22:22,6666,25,0,260564224,16777215,4b13156b,
00:23,02/06/2024 22:21,观音娘娘从多少年前都开始这么叫了，还成天怼着你老印那套叫呢,25,0,184939008,16777215,9fa3b971,
00:35,02/06/2024 22:18,这里被改了,25,0,2164386048,16777215,925d2a87,
02:55,02/06/2024 22:17,麻烦大家看看消防栓事件,25,0,2139501056,16777215,7c20e9d8,
00:09,02/06/2024 22:17,哈哈哈哈哈,25,0,3833800192,16777215,30c31cbf,
02:15,02/06/2024 22:11,哈涩会,25,0,688050176,16777215,7ab8e7b,
00:31,02/06/2024 22:06,观音：6,25,0,2047237120,16777215,b0c1e66e,
00:10,02/06/2024 22:05,哈哈哈哈哈哈哈,25,0,2365808128,16777215,2c92dfd,
01:26,02/06/2024 22:03,这里笑死我了,25,0,1938165248,16777215,347162ab,
00:29,02/06/2024 22:00,《叛逆》,25,0,3959575296,16777215,cd1c23a,
01:28,02/06/2024 21:58,咬打火机,25,0,3330709248,16777215,bebca396,
01:08,02/06/2024 21:57,猪你太美,25,0,981588992,16777215,e0cbd17,
00:10,02/06/2024 21:57,666,25,0,3246858240,16777215,90c945ab,
01:06,02/06/2024 21:52,哈哈哈哈哈,25,0,293758976,16777215,390a2f8b,
03:14,02/06/2024 21:49,一点都不好笑啊,25,0,1896165376,16777215,4208a555,
01:03,02/06/2024 21:49,当赏,25,0,1124450816,16777215,e4a2f7de,
03:33,02/06/2024 21:48,87春晚呗,25,0,251899904,16777215,4d920938,
00:22,02/06/2024 21:45,扣1和佛祖一起笑,25,0,2147930368,16777215,4d920938,
00:50,02/06/2024 21:41,大闹灵山,25,0,3389229568,16777215,6351f91d,
01:14,02/06/2024 21:41,哈哈哈哈哈这个好搞笑,25,0,1409574912,16777215,115fbf98,
02:14,02/06/2024 21:37,春晚快开始了,25,0,3120951296,16777215,9d25be45,
00:44,02/06/2024 21:34,出自《国产凌凌漆》胡伟立作曲的美丽拍档,25,0,612729344,16777215,20b3ed32,
01:05,02/06/2024 21:31,猪你太美,25,0,2181393408,16777215,fabceaa2,
00:34,02/06/2024 21:28,如来吃橡胶果实很正常吧,25,0,3321982464,16777215,70f637c5,
01:07,02/06/2024 21:24,这个好这个好,25,0,3707823616,16777215,9b91bcc2,
01:08,02/06/2024 21:22,哈哈哈,25,0,730305024,16777215,f0c751a6,
03:06,02/06/2024 21:21,这一手逆水寒给我整不会了,25,0,1887641088,16777215,88824ad4,
00:31,02/06/2024 21:17,灵山所指的西方不是现实意义的西方，是虚幻的，叫西牛贺州，只是在印度的西边,25,0,3859107584,15138834,e2c35339,
00:29,02/06/2024 21:15,好,25,0,1300423936,16777215,29a8f657,
00:04,02/06/2024 21:14, 哈哈哈哈哈,25,0,2281880064,16777215,9fb4db0d,
01:01,02/06/2024 21:13,666,25,0,4286976000,16777215,8e87f1a2,
02:35,02/06/2024 21:12,哈哈哈哈 笑死我了,25,0,3364213504,16707842,9fb4db0d,
00:58,02/06/2024 21:11,好！好好好,25,0,1912690688,16777215,953657b0,
01:08,02/06/2024 21:08,这个可以有,25,0,1543720192,16777215,c19c574c,
01:09,02/06/2024 21:08,二师兄牛批,25,0,4093932032,16777215,881482a3,
01:17,02/06/2024 21:05,极乐净土我觉得彳亍,25,0,3725034752,16777215,98612084,
00:34,02/06/2024 21:02,如来神掌,25,0,2634068736,16740868,f5f71360,
03:03,02/06/2024 20:55,逆水寒 赶快上交红包,25,0,1309099520,16777215,4d948a50,
01:15,02/06/2024 20:54,哈哈哈哈,25,0,3464533248,16777215,6752ba6a,
00:32,02/06/2024 20:52,包啥都行就是别跳科目三,25,0,780247040,16777215,d986275e,
01:42,02/06/2024 20:50,三昧真火,25,0,2139618560,38979,a5f552a6,
03:22,02/06/2024 20:49,齐天乐！,25,0,2382872064,16777215,3ae24441,
00:12,02/06/2024 20:47,混响哈哈哈哈哈哈哈哈哈,25,0,3364012800,16777215,7c6fa109,
02:34,02/06/2024 20:46,那岂不是天天有新春,25,0,2819057664,15138834,e6e8171,
01:06,02/06/2024 20:45,卯日星官：你干嘛哈哈哎哟,25,0,486990336,16777215,c1f685d5,
00:15,02/06/2024 20:44,观音：我是男的,25,0,906291200,16777215,92fa4bb6,
02:07,02/06/2024 20:41,哥也笑老,25,0,570926592,16777215,47df5477,
01:55,02/06/2024 20:39,关键是八戒怎么过去的,25,0,2156296192,16777215,8a62f65b,
02:06,02/06/2024 20:36,从这里起把八戒画面剪掉，效果将更好。,25,0,1300425984,16777215,46cd2359,
01:12,02/06/2024 20:34,哈哈,25,0,1526756608,16777215,24266c2b,
01:06,02/06/2024 20:32,这个好,25,0,1669340160,16777215,33f9f579,
01:34,02/06/2024 20:21,这还真不是，科目三是他们当年的“极乐净土”。把科目三带进中国的那代人已经快七十了,25,0,151281664,16777215,7e006164,
01:52,02/06/2024 20:19,我草,25,0,302054656,16646914,c09fb2c6,
00:38,02/06/2024 20:17,这么好看早知道留到春晚看了,25,0,1694568192,16777215,72e20d77,
01:07,02/06/2024 20:16,666,25,0,1317233920,16777215,6854c5c5,
01:48,02/06/2024 20:16,哈哈哈哈哈哈哈哈哈哈哈哈哈,25,0,688176896,16707842,b55ef93f,
02:08,02/06/2024 20:16,好一个今晚吃烤猪,25,0,310596864,15138834,1bc03e06,
00:15,02/06/2024 20:15,，闲人真的流批，哈哈哈哈哈哈哈哈哈哈哈哈哈,25,0,1460027648,16707842,b55ef93f,
00:06,02/06/2024 20:13,3000＋,25,0,3892732160,16777215,e3aa43a5,
01:10,02/06/2024 20:10,这跟上一个有啥区别，叫好的去看看眼科,25,0,3632403200,16777215,cc01a08e,
03:15,02/06/2024 20:10,烫知识：这一段是真实的春晚画面,25,0,486954752,16776960,5d80c334,
00:28,02/06/2024 20:09,23333333333,25,0,33830656,16777215,44999c83,
01:08,02/06/2024 20:09,这个可以这个真的可以,25,0,3993055488,16777215,fabb64a4,
00:01,02/06/2024 20:07,封面已经很好笑了,25,0,3984617984,16777215,17952d5f,
01:06,02/06/2024 20:04,猪你太美,25,0,4018218752,16777215,bb1e82fc,
00:15,02/06/2024 20:03,大唐英语，你值得拥有,25,0,1996795648,16777215,bb1e82fc,
01:33,02/06/2024 20:01,连口型都对上了我的天……,25,0,620884480,16777215,ab5b0d22,
00:41,02/06/2024 20:00,气氛突然枯燥,25,0,1686625024,16777215,1dc1c34a,
00:52,02/06/2024 19:58,救命，放过我猴哥吧哈哈哈哈,25,0,3288842240,16707842,9022420a,
00:48,02/06/2024 19:52,这BGM，国产凌凌漆,25,0,2592217344,16777215,d57614d7,
03:00,02/06/2024 19:51,原来是顺火暖,25,0,3892700416,16777215,4a967987,
00:21,02/06/2024 19:49,男娘,25,0,3825422080,16777215,20ac9161,
01:06,02/06/2024 19:49,猪你太美,25,0,2349018624,10546688,e744e53f,
01:20,02/06/2024 19:45,这个可以,25,0,3506897152,16777215,c16f925e,
01:38,02/06/2024 19:44,哇。。,25,0,3498432256,16777215,56aa9a29,
00:00,02/06/2024 19:41,封面吸引进来的,25,0,2173130496,16777215,e270d824,
01:57,02/06/2024 19:39,香迷糊了,25,0,3380964608,16777215,7307ceaf,
01:12,02/06/2024 19:36,唐,25,0,2709544448,16777215,3702ba81,
00:00,02/06/2024 19:36,封面笑死我了,25,0,2760126208,16777215,73c9903e,
02:41,02/06/2024 19:35,哈哈哈哈哈？,25,0,3162933760,16777215,6907e92a,
00:07,02/06/2024 19:35,看封面进的哈哈哈哈哈哈哈,25,0,4018235904,16646914,84577595,
01:17,02/06/2024 19:33,好美的沙僧,25,0,76019200,16777215,6907e92a,
01:20,02/06/2024 19:32,這個我贊成,25,0,1845870336,16777215,f0ce0e9e,
02:27,02/06/2024 19:31,恭喜啦！再就业娃娃？！（滑稽gif）,25,0,2273506048,16777215,a32c4c1c,
01:13,02/06/2024 19:28,哈哈哈哈哈,25,0,1535120384,16777215,a7a0b33c,
02:53,02/06/2024 19:25,这视频比春晚好看,25,0,1334241280,16777215,fd34d305,
01:19,02/06/2024 19:23,哈哈哈哈哈,25,0,1837527296,16777215,fae3e147,
02:39,02/06/2024 19:21,真不错,25,0,1124111360,16777215,dffcf2b6,
02:56,02/06/2024 19:19,又是一首好听的BGM，,25,0,2449622016,16777215,32b93683,
02:05,02/06/2024 19:15,宣,25,0,906277120,16777215,97deeb6b,
03:20,02/06/2024 19:13,掉D了！！,25,0,763418112,16777215,8aaaefd1,
02:50,02/06/2024 19:12,？,25,0,3892314880,16777215,ff1fcd18,
01:41,02/06/2024 19:08,马喽钻火圈,25,0,2936354048,16777215,3a66477a,
01:05,02/06/2024 19:08,这个我认同,25,0,1644671232,16777215,c8a358d6,
01:25,02/06/2024 19:06,极乐净土比前面那俩玩意儿热闹多了,25,0,1904336640,16777215,fa65077a,
02:37,02/06/2024 19:05,天天新春是吧,25,0,839280640,16777215,fe1280a3,
01:21,02/06/2024 19:02,原来你也是,25,0,252053504,16777215,caf20c1f,
03:32,02/06/2024 18:59,好活当赏！,25,0,1459627008,16776960,88c2246d,
01:07,02/06/2024 18:55,这个好这个好,25,0,2693048832,16777215,896bb1c6,
00:16,02/06/2024 18:53,哈哈哈,25,0,1686129152,16777215,70bb7356,
01:09,02/06/2024 18:52,噗。。。。。。。。。。。。。。。。。。。。,25,0,814079488,16777215,9e94a048,
02:32,02/06/2024 18:50,哈哈哈哈哈哈,25,0,3389133312,16777215,cf578183,
01:04,02/06/2024 18:47,如听仙乐耳暂明,25,0,360977664,16777215,35b4a591,
02:54,02/06/2024 18:46,好xue,25,0,830692864,16777215,e50f4e4e,
01:10,02/06/2024 18:40,鸡你太美,25,0,721881088,16777215,8044d546,
02:43,02/06/2024 18:35,啊？,25,0,813696256,16777215,5f264262,
00:48,02/06/2024 18:33,你开马自达来的吧,25,0,2542008832,16777215,9d99339a,
02:49,02/06/2024 18:30,逆水寒真的是神级穿帮,25,0,2206347520,16777215,2f9bbe87,
00:27,02/06/2024 18:29,6666666666,25,0,3196190720,14811775,6317a85f,
00:19,02/06/2024 18:26,今年春节科目三,25,0,3339155200,16777215,ce337019,
01:36,02/06/2024 18:24,耍猴是吧,25,0,721717760,16777215,46c5a135,
01:27,02/06/2024 18:22,草，走，忽略,25,0,4085524736,16707842,31c98aec,
00:26,02/06/2024 18:20,唐僧师徒：阿米诺斯,25,0,2198260480,8700107,31c98aec,
00:35,02/06/2024 18:19,如来神掌,25,0,931643392,16777215,7b2295dd,
01:06,02/06/2024 18:18,昴字打错了靴靴,25,0,705001216,16777215,490ff3a4,
00:27,02/06/2024 18:15,观音得罪你了？,25,0,3716442624,16777215,a358b0a0,
00:25,02/06/2024 18:12,众所周知佛教起源大概在现在的印度，印度曾是带婴的，说两句英语没问题吧,25,0,4068891648,16777215,7e351544,
02:46,02/06/2024 18:08,？世界是一个巨大的逆水寒,25,0,2114074624,16777215,76f039dd,
01:00,02/06/2024 18:03,2000+人看,25,0,3758237440,16777215,71a1d625,
02:28,02/06/2024 17:59,恭喜啦  再就业娃娃～,25,0,293900544,16777215,48297fbd,
00:02,02/06/2024 17:57,不耐烦,25,0,2273790208,16707842,36e6ff23,
01:08,02/06/2024 17:55,这个可以有,25,0,3624200192,16777215,8014ab3d,
00:04,02/06/2024 17:52,这是曹老板的配音？,25,0,235167744,16777215,1a5995d3,
02:43,02/06/2024 17:47,顺火暖？（bushi,25,0,1703234816,16777215,450b4b25,
01:08,02/06/2024 17:44,这个可以,25,0,4144363008,16777215,450b4b25,
00:36,02/06/2024 17:37,土地们,25,0,579142400,16707842,d1dd1feb,
01:18,02/06/2024 17:33,哈啊哈哈哈哈嗝,25,0,1585899008,16777215,74a20ad3,
02:41,02/06/2024 17:31,天上一天，地下一年。那上天是不是一天一个春节？,25,0,2517091840,15138834,1970eaf8,
01:49,02/06/2024 17:28,三昧真火,25,0,2650882816,16777215,c9c1e1eb,
01:34,02/06/2024 17:23,雷神周本现状（,25,0,4160931072,6830715,9bbd4fa1,
03:04,02/06/2024 17:18,群魔乱舞，有种妖精捉住唐僧的美,25,0,184828928,16777215,f51440ad,
01:35,02/06/2024 17:16,完美法环,25,0,990300928,16777215,68e993d7,
00:42,02/06/2024 17:06,如来神掌【龙年限定】,25,0,1351070976,16777215,7902597e,
01:04,02/06/2024 16:57,这个我喜欢,25,0,3162647296,16777215,582cc13e,
00:08,02/06/2024 16:48,笑死我了哈哈哈哈哈哈哈哈哈哈哈哈哈哈哈哈哈哈,25,0,184815104,16777215,af428b6c,
00:09,02/06/2024 16:46,哈哈哈哈哈哈,25,0,4093658112,16777215,6262fb51,
00:22,02/06/2024 16:42,哈哈哈哈哈哈哈哈哈,25,0,3263288320,16777215,fe1a8c9d,
00:04,02/06/2024 16:31,哈哈,25,0,3825312000,16777215,3e724431,
01:23,02/06/2024 16:31,。。,25,0,2122404608,16777215,95005ae7,
00:32,02/06/2024 16:24,台词指导：周朝先、郝哥,25,0,3288456192,16707842,dbc7830b,
02:48,02/06/2024 16:12,这不比春晚好看得多？,25,0,595615488,38979,a17a521f,
01:19,02/06/2024 16:11,这个也好,25,0,2810681600,16777215,b83e75c7,
01:07,02/06/2024 16:11,这个还行,25,0,1988593920,16777215,b83e75c7,
03:08,02/06/2024 15:56,构式逆水寒,25,0,260345344,16777215,67392905,
01:44,02/06/2024 15:38,[ohhhhh],25,0,3397838080,16777215,ee4ce3d7,
01:03,02/06/2024 15:37,[ohhhh],25,0,2642789888,16777215,ee4ce3d7,
00:47,02/06/2024 15:35,原声大碟,25,0,729829888,16777215,e62ebcd0,
01:19,02/06/2024 15:09,支持,25,0,1132493824,16777215,6763b732,
02:59,02/06/2024 14:57,比春晚好看,25,0,3128972544,16777215,1f27360d,
01:17,02/06/2024 14:55,大制作,25,0,1023739392,16777215,1f27360d,
00:11,02/06/2024 14:43,出音味来,25,0,193184768,16777215,a3f6ac2b,
02:57,02/06/2024 14:21,我直接天涯明月刀启动，玩点不一样的,25,0,4060268032,16777215,f1de0930,
03:21,02/06/2024 13:20,大师兄：不过也罢,25,0,1283692032,16777215,75fdf669,
03:15,02/06/2024 12:42,啊，快整点阳间的东西,25,0,1258355456,16777215,b6decb23,
00:03,02/06/2024 12:21,高产啊,25,0,2357407488,16777215,b1372f,
01:13,02/06/2024 12:06,-,25,0,1711484672,16777215,9dcde080,
01:05,02/06/2024 12:02,八戒跳的不错哦！,25,0,1275277056,16777215,41f401a0,
01:07,02/06/2024 11:55,小黑子八戒,25,0,629354240,16777215,b894b6ef,
00:37,02/06/2024 11:48,幽默,25,0,4270010112,16777215,a7057a6b,
00:16,02/06/2024 11:46,冷知识：观音是男的,25,0,3615698688,16777215,f470ee21,
00:33,02/06/2024 11:42,哈哈哈,25,0,2969775872,16777215,f40b7feb,
00:13,02/06/2024 11:42,大电音寺,25,0,2533568256,16777215,4ef926dc,
01:43,02/06/2024 11:39,笑死,25,0,1669541632,16777215,542ccbdd,
00:10,02/06/2024 11:37,哈哈哈，绷不住了,25,0,1015230208,16777215,a40fc3e8,
00:02,02/06/2024 11:36,封面笑死。。,25,0,587411200,16777215,a1ca9f40,
03:08,02/06/2024 11:33,知水意，逆水寒～,25,0,4228067072,15138834,3d4cd2dd,
02:52,02/06/2024 11:29,请把财神放出来,25,0,3364040448,16777215,32abcd5e,
01:06,02/06/2024 11:29,这个可以有,25,0,3154325248,16777215,f33a95dd,
00:09,02/06/2024 11:28,已经不看春晚好多年了,25,0,2491625216,16777215,d81a6d5,
01:10,02/06/2024 11:25,我的天啊,25,0,1845702400,16777215,32abcd5e,
02:33,02/06/2024 11:24,不必管他,25,0,1191390976,16777215,4a5249a5,
00:31,02/06/2024 11:24,我反对,25,0,763571968,16777215,1f3c1cc8,
00:44,02/06/2024 11:18,唯一原声大碟,25,0,109260544,16707842,14fc4fe8,
02:39,02/06/2024 11:17,甲方眼前一黑,25,0,3749916416,15138834,28ae52d6,
01:07,02/06/2024 11:16,6666,25,0,3322097408,16777215,726b27b9,
02:18,02/06/2024 11:12,一点都不好笑啊。。。,25,0,2667785984,16777215,e1658c5b,
00:10,02/06/2024 11:09,哈哈哈哈,25,0,2021863168,16777215,a1f0e097,
